,Unnamed: 0,comment
0,0,"Contoh ini juga berlaku bt kkuargaku, agar tidak berkata yg menyakitkan walaupun hanya bercsnda, apa lg sm orang kecil yg hanya cari uang untuk mkn, agar tidak meremehkan,"
1,1,Orangnya aja keliatan agamais tpi tak pandai beragama. Ceramah nya bikin orang sadar tapi tak pandai menceramahi diri sendiriğŸ¤¦â€â™‚ï¸
2,2,Emang gus miftah salah tp karna  si penjual esteh nya aja lebay ..suruh siapa waktu diceramahin mondar mandir nganggu ketenangan ..kalo jualan mbok diam dipinggir atau gimana kek yg tanpa mengganggu
3,3,"Kenapa sewaktu ceramah gak sprti ini gus..
OrgÂ² psti makin suka dgn gaya seperti ini."
4,4,Ibarat nasi sudah jadi bubur
5,5,Jayalah Netizen....  Akhirnya bisa berhasil smoga ini awal kemenangan Netizen yg ingin Ikut serta memperbaiki Negara agar semua kalangan segera berbenah diri menjadi lebih baik.
6,6,Stop omon2. Stop gus miftah.
7,7,"iya klau gk gitu klau gk ngundurin diri ,,klau gk ada perintah ,,,gk bklan ngundurin diri ya gitu merasa brslh   nyata,,,klau ttp jdi jabataN hinaan mlh menjadi2,,,,,,,,,,,,,,dajal"
8,8,TUHAN maha besar.
9,9,"Segera cepat mundur kau...! , sebelum presiden prabowo marah2."
10,10,"BENARKAH MIFTAH  ADA KETURUNAN DARI PONPES TEGALSARI PONOROGO ?

JADI  INGAT KEJADIAN  HARI RAYA TAHUN  LALU KETIKA  REUNI  KELUARGA BERTEMPAT DI SEBUAH MASJID DI BELAKANG  RUMAH KAKEK ALMARHUM

SEJAK KECIL SERING KELUAR MASUK  MASJID TERSEBUT ,  DAN DI DINDING SAMPING KIRI SERAMBI  ADA PAPAN TULIS  YG  MEMAJANG SILSILAH KELUARGA  SI PENDIRI MASJID.

SELAMA INI TIDAK PERNAH TERGODA , DG  TULISAN DI PAPAN TULIS , TAPI HARI RAYA  TAHUN LALU  JADI TERGODA KARENA   KOMEN ANAK  SETELAH MEMBACA  TULISAN DI PAPAN TULIS.

DI SITU  TERTERA SILSILAH KETURUNAN SEBAGIAN  KELUARGA  WALI SONGO , 

YG MENGUSIK HATI  DI BAGIAN  KANAN  PAPAN TULIS  ,AGAK KEBAWAH ADA PESAN  LUAR BIASA

â–    ANJURAN AGAR
      KETURUNAN  TRAH
      KELUARGA TERSEBUT 
      TETAP  ISTIQOMAH +
      RENDAH HATI +  ,
      DILARANG  ADIGANG
      ADIGUNG ADIGUNO ,  JIKA
      ADA YANG MELANGGAR
      PESAN TERSEBUT MAKA
      SIFAT TRAH KEWALIANNYA
      AKAN HILANG DG
      SENDIRINYAâ– 
JIKA MIFTAH BETUL ADA DARAH KETURUNAN  TEGALSARI , MUNGKIN  KASUS INI SEBAGAI BENTUK  AKIBAT  SIFATNYA YG TELAH â— MENYIMPANG DARI PESAN
   LELUHURNYA YG SANGAT
    BAGUSâ—

SEMOGA DG KEJADIAN INI MIFTAH  KEMBALI  KE PESAN LELUHURNYA.

AAMIIN"
11,11,Saya adalah penggemar berat gus miftah. Kalau orang tidak paham dengan pidatonya pasti menyoroti jelek. Kalau saya sdh lebih 1 tahun mengikuti pidatonya gus miftah kalau saya tdk kaget dg isi pidatonya.
12,12,bagus lh. dari pada di pecat cara tidak hormat. bagus lh klw sadar diri.
13,13,"Alhamdulillah, itu baru org yg tau Agama langsung minta maaf dan menyadari kesalahan itu tdk mudah tapi krn Agama mengajarkan demikian dan Gus Miftah jlnkan  itu gentlemen  dan ini mkn jln. Allah utk memberi contoh  dan sbg contoh awal bagi pejabat2 lainnya bila ada hal2 yg tdk pantas hrs berani mundur dan berani gentleman."
14,14,Gus2
15,15,"22:47 saat ia menelan ludah, teringat saat Pak Son menelan ludah setelah dicela"
16,16,Pendakwah kog lambe ne bejat..  pengunduran diri ambek nangis keno opo.. ? Ora usa nangis
17,17,"iya mending begitu mundur aja, tak layak seorang pendakwah berprilaku seperti hal hal yg terlihat atau pun yg tidak terlihat.karna ini ada di dlm kalangan publik."
18,18,Mendingan AA.gim tuh bisa mempertimbangkan bicaranya mana yng baik mana yng ga baik
19,19,Mendingan AA.gim tuh bisa mempertimbangkan bicaranya mana yng baik mana yng ga baik
20,20,Bangga jadi stap persiden langsung naek dadanya  setinggi langit  masya allah  amit amit
21,21,Permintaan masyarakat lah  harus mundur kalo pengen ga hancur agama islam
22,22,Ga perlu meninggalkan pesan rakyat kecil sudah ga mao denger kembali  kesalahan seorang pendakwa   ga semudah itu  memaafkan nya  jadi dukun aja dah munkin lebih baik   ga mampuh enteh mengikuti aturan nabih  muhamad saw
23,23,Yg ber ilmu tinggi belum tentu ber aklak muliaa
24,24,Bukan mundur disuruh mundur ga pantes seorang pendakwa seperti itu   itu omongan dukun bukan bahasa ulama  pendapat rakyat juga  harus mundur
25,25,"Gus S3TAN... Bnyk tokoh yg hadir PD kejadian . Ada KH. , ad Habib... Mreka smw ketawa mrendhkan pnjual es teh... Mreka menjual agama... Lbih trhormat penjual es teh tsb yg berusaha dgn tenaga dn kringt untk nafkah kluarga,  ltimbang Gus busuk.. KH busuk,, Habib busuk yg hadir dn ikut tertawa menghina penjual es teh."
26,26,Baca tes. Anak SD pun bisa.
27,27,Kalau sudah biasa mulut kotor kasar dalam berdakwah langsung tak ada manfaat langsung dalam berdakwah
28,28,"Gus miftah  klu ada pengajian lagi aku mau jual  es degan muter muter  di daerah  situ... 
 Tolong aku di ejek dan direndah rendahkan  .. 
Biyar bisa berangkat umroh.bayak uang kan bayak orang iba.. 

 Jual minuman  membawa  berkah."
29,29,Kenapa harus menangis Gus...
30,30,Yang jelas masyarakat banyak yg nuntut mundur
31,31,Panjang ranbutnya.. kaya macam teror penampilan nya...
32,32,"Mulut mu harimau mu"" ini lah pepatah yg pas untuk mu: qus miftah..ğŸ˜¢ğŸ˜¢"
33,33,Semoga ke depannya gus Miftah bisa menjaga sikapnya.. agar tidak menjadi contoh buruk bugi umat. Seperti contoh kelakuan gus fiftah terhadap istrinya. Meskipun itu hy guyonan kata Miftah.namun tak patut itu di lakukan di depan umum. Alangkah malunya istri gus Miftah keliatan dr gestur tubuhnya ketika itu.
34,34,"Yah...lebih baik mundur"" dari pd merem bet kemana mana.."
35,35,Begitulah klo dakwah nya campur ketoprak .
36,36,"Menurut aku netizen terlalu cepat menilai d mengambil keputusan.jgn menghujat.klu begitu suruh habib"" itu kembali kenegaranya.semua org khilaf seharusnya kita ambil hikmahnya."
37,37,"Maaf sebenarnya banyak kebaikan dr gus,manusia tak ada yg sempurna. Ini merupakan teguran dari Alloh agar gus lebih berhati2 dlm ucapan, maupun prilaku, kembali ke adat ketimuran."
38,38,"Sebaiknya dakwah agama itu seharusnya jadi suri tauladan para ulama. Baik ucapan,maupun tingkah, menjadi contoh orang banyak."
39,39,Plajaran buat smua klau suka bercanda jgn sampai brlebihan  brsikaplah yg dewasa n pandai mengendalikan diri
40,40,"Knapa kamu nangis ,berat meninggalkan duniawi kamu,takut  gak d percaya rakyat indonesia y....kapoooookkkk"
41,41,"Bener lebih baik mundur kamu mifta,jgan mundur dari utusan negara aja ,kamu mundur jga sebagai ustad,belajar dulu aja kamu..."
42,42,"Sebenarnya dr ucapan gus miftah membawa berkah buat pak suhaji ,Allah turunkan Rizky yg berlimpah.berkat ucapan gus miftah menjadi ky mendadak.seharusnya berterima kasih jg sm gus miftah.cb kl bukan ke khilaf an gus miftah mungkin pak suhaji ga seperti sekarang ini.intinys kita tidak boleh saling menhujat siapapun karena manusia tidak ada yg sempurna,kesempurnaan hanya milik Allah semata.semangat gus.ğŸ’ªğŸ’ªğŸ’ª"
43,43,alhamdulillah
44,44,"Semoga,dengan kemunduran diri Gus Mifta dan mengakui kesalahannya, Allah SWT akan memberikan kemuliaan dan kemudahan dlm segala hal ,sifat mengakui kesalahann  adalah sifat kesatria"
45,45,Waduh.mau mundur aja kok pakai dalil.ya ...mundur aja.pakai nangis pula.kok dagelan..gus.
46,46,Bagus deh gk cocok jd staf presiden krn nyontohin ahlak dan adab yg jellek
47,47,"Makanya jadi panutan tuh harus Arip dan bijaksana ,jaga tuh mulut udah di panggil ustadz apalah ,lebih baik diam ,dengan diam jadi emas"
48,48,Masya Allah..gantinya mungkin Gus muwafiq atau K.imad
49,49,"efek asal comot

*warga +62 ga didoktrin tuk becanda positif dan nyenengin, tapi dibiarkan liar nyebelin...*"
50,50,Setiap manusia memang tak ada sapa yg sempurna kalau fikir logik saya hairan sekali Padahal Fikiran org betulx2 waras boleh memikirkan yg terbaik sebelum terlepas bagi katax2 yg tidak sesuai terhadap org lain Akhirnya kenapa boleh tibax2 jadi perbuatan yg sebegini sedangkn org yg sudah banyak memperlajari mendalami ilmu agama setahu saya dia boleh menjadi contoh dan tauladan untuk Membawa org jalan ke arah yg lebih baik tapi mengapa tibax2 ada d sebaliknya boleh pula lepaskan katax2 sebergitu rupa yg boleh menyinggung hati dan perasaan sama org lain kalau perbuatan kita mungkin boleh kita undur memperlajari diri utk jadi manusia yg baik kalau kita sudah buat garax2 melepaskan katax2 yg sudah menguris hati dan perasaan org lain kemungkinan itu susah mahu d undurkan sebab bukan mudah org memaafkan katax2 kita yg sudah d lepaskan pada org lain risau org lain tidak boleh memaafkan katax2 kita jadi bila esok kalau kita sudah meninggal masuk d dalam kubur esok jadi susah tu lain kali kita sebelum berkata sesuatu kena hatix2 selagi org tidak akan memaafkan kita selagi tu lah kita tanggung
51,51,"Saya yakin beliau termasuk orang yg bertanggung jawab, dibalik semuay kita tarik kesimpulan beliu untung  penjual es untung kita semuapun untung kalau kita pandai memandang kebaikanya."
52,52,Bagus luh mundur ngerusak wibawa presiden baru dilantik ...
53,53,Jokowi Kaget Utang Piutang dan Bunga Naik di era Prabowo menjadi 20% atau 20 Juta Rakyat NKRI di Bantai akibat Jatuh Tempo.tak ada Ampunan.ğŸ˜®
54,54,"Jika Allah berkehendak lain....mk berprinsiplah dlm hidup..""ajining diri soko LATHI..ajining rogo soko busono""..smg setelah ini Gus Miftah bisa ambil hikmahnya"
55,55,Mungkin itu sifat aslinya ya...
56,56,"Hahahaaaa.  S miftah gk pantas d jadikan panutan.
Mundurlah anada scara hinağŸ˜…ğŸ˜…ğŸ˜…"
57,57,Hati2 para penda'wah jangan sampai kesalahan terulang lagi seperti yang sudah sudah. Suri tauladan itu penting sekali.
58,58,Gus mita â¤ ini merupakan tegoran dari Allah agar ada perbaikan cara penyampaikan tutur kata nya tidak semua orang mau dibilang begitu tapi disisi lain Allah memberi  atau mengangkat derajat nya tukang es pelajaran buat kita semua tidak ada kesombongan dalam hidup derajat pangkat harus berbuat arif
59,59,"Beliau Mengundurkan Diri ...tdk Egois ...
Salut Tuk Gus Miftah...
Itulah Orang yg Jentel...
Tdl semata Mata Jabatan...
Tanggung jawab Seorang Gus Miftah...â¤â¤â¤â¤â¤"
60,60,"ORANG YG BAIK ,ORANG YG MENGAKAKUI KESALAHANYA & MAU MEMPERBAIKINYA..."
61,61,"Salut dgn gus mifrah mau mengundurkan diri berarti tdk gila jabatan 
Selanjutnya bagai mana dgn fufufafa dn lainnya     yg terlibat korupsi dn terlibat judol 
Apa msh tetap bertahan dn tdk punya perasaan"
62,62,"Dlm agama sangat di larang menghina org,apalagi ustazd tau itu,tp di lakukan jg,itulah kbsaran allah menghina mka kita akan terhindar, baik buruknya kelakuan kita smua di kembalikan untuk kita"
63,63,Ini orang ngak Pantas jadi Orang penting dalam barisan bapak Presiden..ini orang harus di pecat
64,64,sungguh sangat bijaksana sekali hati gus miftah...semoga engkau dipanjangkan umurmu gusğŸ™ğŸ¤²ğŸ¤²ğŸ¤²
65,65,"Bukan hanya menjatuh kan harga diri bpk prabowo, menjatuhkan harga diri dan memalukan keluarga nya sendiri. Mulut mu harimau mu, jaga lisan jaga sikap seorang pendakwa masyarakat. Kejadian gus miftah ini sangat"" penting buat amin rais. Bila bersalah, akui lah kesalahan itu. Allah maha pema'af dan penyayang,,"
66,66,Mundur ucapan dgn .menangis itu asli nya berat untuk mundur karna jabatan dri presden hhhhh  lucu  jngan cok pintR sendir klo suda di panggil gos  kok se enaknya bicara menghina kpd orang kecill dosa
67,67,Semua kejadian ini kita ambil hikmahnya yang terbaik semoga Gus Mifta tetap sehat semangat panjang umur murah rezekinya dan selalu ada dalam lindungan Allah subhanahu Wa ta'ala tidak ada manusia yang tidak salah gusmitah sendiri udah sangat gentlemen mengakui kesalahannya dan dia meminta maaf kepada seluruh rakyat Indonesia yang merasa dikecewakan semoga kedepannya Gus Miftah lebih memperbaiki ucapan lagi dan semoga tidak terulang kembali dengan kesalahan yang sama tetap semangat dan teruslah berdakwah utk kaum yang lemah ilmunya...
68,68,4:55
69,69,"Miftah itu bukan da'wah  ,tapi guyon thokkk"
70,70,Mifta   Sendiri  malu  dgn bicara  nya yg selalu tdk sopan selama dakwA di mana saja ber ada  tdk pantas di lihat di dngar orang gila la seneng melihat ceramah  Mifta kenapa nangis aslinya berat kecewa
71,71,ğŸ˜‚
72,72,"bukan hasil istikoroh,tp tau tau diri ğŸ˜…ğŸ‘"
73,73,"biyuh,pembina keagamaan ternyata ğŸ¤¦ğŸ»â€â™‚ï¸ğŸ¤¦ğŸ»â€â™‚ï¸"
74,74,"biyuh kok iso nNgis abot pora melepas pora jabatan kui ,
suk meneh ngati"" ucapane kuii,"
75,75,Nanti sudah viral baru banyak ceritağŸ˜…
76,76,"Padahal yang sebenarnya dia di Pecat, tapi diminta menyampaikan mengundurkan diri agar kelihatan lebih baik... !!!"
77,77,"Ya. itu lebih baik mundur Gus mifah karena menjagah nama baik kabinet pak prabowo dengan satria mengakui kesalahan dan kekilafkan dan mundur dari kabinet bisa buat pembelajaran pejabat lain dan mundurnya gus mifa karena cinta dan tanggung jawabnya pada presiden dan bukan tekanan dari manapun ini sebage tanggung jawab apa yg diya lakukan, bahwa jabatan ini sementara  untu bisa buat contoh lainnya,"
78,78,Bagus sbelum ku pcat tttt ha ha...
79,79,Sehat n sukses
80,80,"Aku kok melok mewek Gus....tp Gus, itu keputusan tepat dan sangat tepat ."
81,81,"Ä¹ya lah bro. Tau diri,anda bodoh ,ora ono toto kromo ,adat sopan santun"
82,82,"Ga ada yg maksa mundur??? Istikharah? Lahhh viral di medsos, netijen udeh julid, apa bujan krn itu? Coba kalau ga viral, ga nyadar khan"
83,83,Gus2!!!ğŸ˜…ğŸ˜¢
84,84,Baguslah kalau sadar diri
85,85,Pastinya sudah di suruh mengundurkan diri...soalnya lawan penguasa sama rakyat klw melawan habis lah dia sama penguasanya jika orang ini masih bercokol di penguasa...
86,86,Sekarang anda menangis karena apa?
87,87,Bagus sikap jentel. Yang repot udah salah nga mau minta maaf itu kurang ajar. Sok benar dan pinter sebdri
88,88,Ngapain nangis waktu menghina gagah x
89,89,Harusnya fufufafa di gusmiftahkan
90,90,"Harapan masyarakat rakyat kecil Indonesia, semua penjabat jentelman seperti Pak Miftah"
91,91,"Inilah cara Allah memalukannya di depan umat, itu yg ketawa saat Miftah bicara ketawa ngakak orng nggak punya hati, gimana bapak itu di malukan didpn orng banyak,gimana kalau kamu diketawain orng banyak pula....malu juga kan."
92,92,Makanya jangan suka mehina gak pantas jadi dakwa ngajarkan yag gak baik
93,93,"Memang harus keluar sombong ustad apa itu buat malu, siapa pun yg masukan ke kabinet Prabowo ??....banyak ustad santun di Indonesia ini."
94,94,"dari pada dipecat kn lebih baik mengundurkan diri

Klo dipecat kn malu"
95,95,"contoh yg baik pada masrakat dan khusus pada pejabat semua,top Gus...."
96,96,"Baguslah supaya dia lebih hati"" lagi klw berbicara, coba klw ceramah diperhalus gaya bicara dan bahasanya. Jangan asal ceplos.
Jangan diaca saja ,tapi diterapkan pada diri pribadi. Contoh itu tdk selalu harus berbicara,tp berperilakulah yg lebih baik lagi.kami para orang tua memaafkan,tp mbok yao perbaikilah gaya bicara dan bahasa dlm berdakwah jangan terlalu ngasal bunyi. Semoga ini menjadi pelajaran bagi anda. Terimakasih. ğŸ™ğŸ™"
97,97,Sikap yang meerusak Citra Agama
98,98,"Semua dah kehendak ny 
Pembelajaran hidup 
Luar biasa .."
99,99,Menyusul fufufafa...ğŸ˜¢
100,100,Q pikir mundur dari penceramah juga ?
101,101,Satu satu penjilat jatuh.......
102,102,Gk pantes jadi setaf peresiden
103,103,Jebleh
104,104,Makanya pandawah jangan terjun ke dalm politik .urus aja umat
105,105,Mewek
106,106,"Maju terus Gus,jabatan nggak penting Gus,semoga Gus Miftah di beri panjang umur dan kesehatanğŸ’ªğŸ’ªğŸ’ªğŸ’ªâ¤ï¸â¤ï¸â¤ï¸â¤ï¸ğŸ‡²ğŸ‡¨ğŸ‡²ğŸ‡¨ğŸ‡²ğŸ‡¨ğŸŒ¹ğŸŒ¹ğŸŒ¹ğŸŒ¹ğŸŒ¹"
107,107,Mundur  si mistah  cepat mengundurkan  diri lebih bagus .
108,108,Kalau noleh bpk presiden  yg cocok menjabat pengganti  miftan ustad  Hadi Hidayat.
109,109,Ngarang ğŸ˜‚ğŸ˜‚
110,110,Ga usah nagis Gus mulutmu harimaumu
111,111,"Drpd di pecat lebih malu, lebih baik mengundurkan diri...menghina seseorang kayak dirinya udh bagus aja, MIKIR....ketawa berbahak2 merendahkan seseorang, pengajian atau mau mencaci orang?"
112,112,"kami sgt yakin  itu jalan yg paling terbaik demi ketenangan jiwa masyarakat umumnya.  dan jgn ada lgi org"" yg berlaku sombong dan angkuh di era saat ini.  trimakasih bapak Presiden.........!!!"
113,113,Sedih ya
114,114,Berat mninggal kan jabatan ..karena ahlaknya yg g bener
115,115,Alhamdulillah
116,116,"Banyak pendakwah yang menolak menjadi apapun di stap
 negarawan.
Di kampung saya ada bekas preman jadi ustadz e jadi pembunuh keluarga pondok pesantren jadi keluarga pembunuh"
117,117,"Gitu sadar diri....dan gak usah ceramah ceramah percuma, intropeksi aja sendiri dirumah terus, ngaji diri di rumah...., sama rambut itu mbok dipotong, gilani...."
118,118,Baru 1 blan setegah bagi mna klo 5 thn.kiamat lah islam di indonesia.
119,119,Buat kiyai yg laenya jngan sombong..ingat itu bukan pakaian mu..
120,120,"Semua irang yg ada di samping kanan kiri mu.itu semuanya telah menyakiti orang oedagang..jangan cengeng sok nangis segala,cintoh yg buruk ."
121,121,Menyesal nya sunggu2 kah? Sbg Pendakwa hrs sll menjaga
122,122,Makanya jadi orang jngan sonbong .allah saja tidak sombong .saya jug  orang pedagang kau telah menyakiti hati irang bnyak ..miftah..siapa ygpercaya sama kamu lagi
123,123,Malu ya dah hina orang kecil mundurğŸ˜‚ğŸ˜‚
124,124,Itulah kalau orang sopinter sobener kalau ngomong semau gue tida merasakan hati orang begitulah ahir cerita orang sombongğŸ™ğŸ™ğŸ™
125,125,"Bukan mundur tapi mmng akan dipecat/dicopot. Smg mendpt yg lebih baik lagi untuk negara.
Kalau Gibran kapan mundurnya....sblm rakyat malu  dg wapres."
126,126,Benar juga kata pak presiden pak prabowo harus dipecat karena menghina rakyat kecil sy setuju mantap pak presiden itu baru tegas namanya presiden yg adil bagi rakyat kecil
127,127,Jos tenan Gus miftah.goblon ne wongdapat ratusan juta
128,128,"Sdhbtrllu vanyak ksalahnmu bung, sdh waktunya bertaubat, inilah jln awal taubatmu"
129,129,Meweeekkkkk hee heee heee....di guyu sugik nurrğŸ˜‚ğŸ˜‚ğŸ˜‚ğŸ˜‚ğŸ˜‚
130,130,"Sekarang baru mewek,kemarinnya terbahak, bahak ğŸ˜‚ğŸ˜‚"
131,131,"Lah gitu ,fokus dakwah saja yg baik"
132,132,Kue ngabdi negoro opo mif2
133,133,"Yaaa orang sudah banyak yang komentar, anda baru buat keputusan, munafik luu"
134,134,tp kesatria tdk pernah nangis d muka umum...N tdk mengumpat
135,135,Sy lebih geram sama yg tertawa lepas disampingnya Gus miftah
136,136,"nangisx d ulang2i ğŸ˜‚
aq lg bayangin penjual es teh saat d goblokin dy d dpn umum ngs gak ya?"
137,137,Bngsat ini di pecat cumn setingan aja di bikin mundur...
138,138,utusan presiden sbg staf kerukunan beragama...?ya ampun....lagakx suombong gt...kyk gak ada yg laen aja.itu uah N uas kok gak di pilih ....?
139,139,Cengen kemarin ngakak minta ampunğŸ˜‚ğŸ˜‚ bagusla mundurkan diri dripda di gaji oleh negara untuk mengoblokan orang
140,140,"MisuhÂ² e,metuwek e d hilangi mas"
141,141,"GK usah maen dalil LG dah mif, Lidah lu udah basah dengan cacian"
142,142,Habib Rizieq yg pantas gantiin lu mif
143,143,"Mundur karna tanggung jawab sama presiden,,karna viral nitizen byk yg minta dia mundur ,,masih aja mulut mu Gus ğŸ˜‚ğŸ˜‚"
144,144,Makan tu mkanya mulut itu di jaga.jangan asal ngomong.hidup jangan so.mkan tu
145,145,"Maka nya jgn songong,, ente miftah"
146,146,Makanya jadi org jangan so
147,147,Bagus klu sadar kau
148,148,Entot kebo mendingan miptah itu
149,149,"USTAD PENGHINA 

BIARDI BILANG USTAD KOCAKğŸ˜‚ğŸ˜‚"
150,150,Alhamdulillah
151,151,Kalau sebagian sudah tau ilmu islam dan hukum nya makanya perdalamlah ilmu aturan nya
152,152,Kesatria nangisğŸ˜‚ğŸ˜‚ğŸ˜‚ğŸ˜‚ itu artinya menyesal jabatan hilang makanya Lo jangan songong.kasatria nangis ğŸ˜‚ğŸ˜‚ğŸ˜‚
153,153,Org seperti Lo tak pantas kontribusi buat negara.....
154,154,Byk gaya Lo kau di suruh mundur bukan kemauan Lo...pendakwa TDK punya ahlak kau
155,155,Gak....penting beritanya...Gus Miftah ...  Bukan siapa2.... Tapi hebat juga yaaa... Baru sekali istikhoroh ... Sudah dapat petunjuk ...ğŸ˜‚ğŸ˜‚
156,156,Alhamdulillah dia sadar diri
157,157,Syukur Alhamdulillah Indonesia selamat dari manusia berakhlak berakhlak jongos baalawi semoga bangsa Indonesia sadar dan tinggal kan penceramah yang tidak ada manfaat nya ğŸ˜…ğŸ˜…
158,158,"Orang yg d hina,,d balea dgn semyum legowo,,itu yg ceramah y sediri itu dr orang apalagibam sang pencipta y."
159,159,"Ini baru pendekar maju keton dadae mundur keton gegere,"
160,160,Alhamdulillah ya Allah
161,161,Berhentilah jadi ulama
162,162,Tak usahlah menangis engkaulah orang sombong
163,163,kalau punya mulut di  jaga yg baik
164,164,Semoga apa yg terjadi bisa membuat gus Miftah menjadi lebih baik ke depan..betapa pentingnya menjaga lidah
165,165,sukurilah mewek
166,166,"Musti di hargai sikap Gus miftah Mundur dari Kabinet ğŸ‘
Dan Bapa Penjual Es teh menuai Simpati dari Warga dan banyak mendapatkan Bantuan Keuangan...
ğŸ‘‰ kita ambil Hikmahnya Z ...ğŸ™ğŸ™"
167,167,Kalimah yg jelek aja bisa mendatangkan riqi apalagi kalimah yg baik
168,168,"Itu air mata buaya miftah, yang akal sehatnya untuk menghina orang miskin, ternyata tidak sesuai drngan ilmu yang dia dapat, dan ilmunya hanya untuk mencari sensasi dan mencari muka, terlalu banyak omon omon itulah akibatnya kalau ilmu untuk kesombongan akhirnya engkau direndahkan oleh allah swt."
169,169,"Ya harusnya begitu,jantan mengakui kesalahannya,jgn cuma minta maap saja.hati2 kedepannyadalam bicara dn dawah.klw mau berdawah,rubahlah ciri has berdawahnya model begitu karena ciri khas dawahnya jelek.carilah ciri has yg baik yg benar2 bisa membuat umat nyaman dn bukan membuat gaduh.insa alloh kedepannya lebih baik lagi amiin"
170,170,Contoh ulama atau dai seperti zainudin MZ...almarhum . Kalo Mifta mah GK jelas
171,171,"Yang Sabar Gus Miftah
MungKin Nie SKenario Allah 
TuK Lebih Hati2 berbica Age Dan Lewat Candaan Guz Miftah Si BapaK Jadi BanyaK RejeKi Dan BanyaK Yang Bantu AKu Ndc Pernah Hujat Aguz Miftah MesKipun BanyaK Yang Menghujat Di BaliK Kejadian Nie Semoga ada HiKmah Nya Aamiin"
172,172,Sama pak presiden di suruh mengundurkan diri KLO gak mau baru d pecat...
173,173,"Mantap Gus, sampean gentelman, kutulusan dan kesadaran tingkat dewa. Allah dgn kuasaNya telah mengangkat derajat bpk penjual es. Tapi dgn ketulusan dan kesadaran mengakui dan meminta maaf atas kekhilafan sampean juga, mulia disisiNya, insyaAllah."
174,174,"Lu membahayakan generasi penerus bangsa, karena status anda agamis dan mencotohkan perilaku serta ucapan yang buruk !"
175,175,Salut sama gus miftah
176,176,"Semoga ,dengan kejadian ini ,gusmiptah ambil hikmah ny agar menjadi org yg lebih baik dn lebih br adab,,"
177,177,Tidak pantas di panggil gus
178,178,selama jdi Gus tak pernah sy melihat iblis ini mengaji
179,179,Ya harus mundur bahasa dakwah harus berbobot.
180,180,"Aku do'akan selanjutnya..  Rizik. S
Bahar Semit.. Mundur juga dari Indonesia.. Karna hinaan dia lbih tdk  punya ahlak.. Mnghina presiden. DLL.. Ayuh donk para netizen se-Indonesia. Gugat tuh yg ngaku CCU nabi"
181,181,Baguslah kalo mundur dengan TAU DIRI....PERBAIKI MULUT..... BANYAK BANYAK INTROPEKSI DIRI.... SAPA DIRI LO... TUHAN MENCIPTAKAN WUJUD SI PENJUAL ES TEH...... SADAR GAK LO SAPA YG CIPTAKAN DIRI LO ADA DI MUKA BUMI INI.....
182,182,"Ra kuat pangkat ,,
Termakan omongan nya sendiri,"
183,183,"Mundur saja kami TDK tahan,sebelum masyarakat marah"
184,184,Sehat selalu gus... Semoga ini jadi pelajaran yang sangat berharga... Pada hakikatnya orang yang engkau singgung sekarang  naik derajat nya.. Semoga ALLAH SWT. Mengampuni / memaafkan semua kesalahan. Yang gus perbuat.. Karna hanya ALLAH lah yang tahu baik buruk nya ucapan gus sesungguhnya nya.. Salam persahabatan dan persaudaraan ğŸ™ğŸ™ğŸ™
185,185,Ini baru namanya takdir gak bisa jadi pemimpin yg baikğŸ˜‚ğŸ˜‚ jadi gelandangan aja kau miftah itu lebih baik untuk mu ğŸ˜‚ğŸ˜‚hahaha takdirğŸ˜‚ğŸ˜‚ğŸ˜…
186,186,"Yaallah semoga selalu sehat Gus miptah,ini pembelajaran kedepan nya tida terulang lagi terus berdawah jangan putus asa"
187,187,"bagus di ganti. sudah berbuat nangis pulaaa.
banyak yang lebih baik dan sosial tinggi tidak menghina orang kecil Aamiin."
188,188,Tetap  semangat gus
189,189,"Ta'im gak kuat DrajatğŸ˜‚.pribadi yg buruk jadi staf keagamaan.
orang gituitu kok di beri gelar  GusğŸ¤ª"
190,190,Indonesia gak butuh orang kayak gini...  Masih bnyk orang yg berilmu yg rendah hati..
191,191,Lebih baik mundur dari pada banyak masarakat yg akan lebih membenci  dia..
192,192,"Bagus deh kalo dia mundur dr merah putih kabinet presiden prabowo.
Menjaga nama baik bpk presiden, kalo sampai dya gak mundur, netizen bakal berbondong-bondong demo ke istana.
Lebih baik mempertanggung jawabkan perbuatan nya  sendiri.
MULUTMU HARIMAUMU...
tidak semudah itu kata maaf masalah selesai begitu saja, bila ada 1 banding 1, kita anggap masalah itu selesai.
Lebih baik mundur dr pada di pecat. Itu lebih baik."
193,193,Mungkin ini teguran dari ALLAH .atas kesombonganya yang di perbuat
194,194,"Saran saya copot semua gelar anda , gak usah jadi pendakwa,  jadilah rakyat biasa, kalau bisa anda sekalian jualan es Teh panggul.., apakah anda gak malu sama Allah .,"
195,195,"Baguslah kalau sudah sadar Gus,lebih baik mundur dari jabatannya daripada dipecat bapak preseden"
196,196,Semudah dan secepat itu Allah turunkan pangkat dan derajat seseorang ğŸ™‚
197,197,ğ™ ğ™ªğ™˜ğ™ğ™£ğ™œğ™š ğ™¢ğ™šğ™¤ğ™£ğ™œ ğ™¢ğ™šğ™¤ğ™£ğ™œ
198,198,"ğš‚ğšğšğš’ğš—ğšğšğš’-ğšğš’ğš—ğšğšğš’ğš—ğš¢ğšŠ ğš“ğšŠğš‹ğšŠğšğšŠğš—, ğšğš’ğšğšŠğš” ğšœğšŠğš—ğšğšğšğš™ ğš–ğšğš•ğšŠğš ğšŠğš— ğš—ğšğšğš’ğš£ğšğš— ğš¢ğš ğš‹ğšğšğš’ğšğš ğš‹ğšŠğš—ğš¢ğšŠğš”, ğš”ğšŠğš›ğšğš—ğšŠ ğš‹ğšŠğšğšŠğš— ğš”ğš’ğšğšŠ ğšŒğšğš–ğšŠ ğšœğšŠğšğš ğŸ¤£ğŸ¤£"
199,199,"Semoga kedepannya lebih baik lagi,, kami tau segala nya hanya karena humor semata yg dia ucapkan"
200,200,"saya bisa menilai,gus mitfah asli kesatria.tanggung jawab mengakui semua kesalahannya..."
201,201,"mantap  ,, itu nama nya sadar diri  kalo di atas itu kenceng angin nya ,,."
202,202,"Alkhamdulillah , kt Gus  Miftah  cuman Hamba ,,ALLOH SWT,,, sangat2 pertanggung jawab  atas kekeliruan/kesalahan ya jg  ,buat contoh yg terbaik  
ALLOH  SWT,, Maha kasih dn Sayang ,,smg  GUS Miftah  jg 
Bpk Sunhaji  di sini  jg  derajat beliu yg melalui acara ini  
Smg  kt semua ya  Sukses senantiasa sllu dlm perlindungan keberkahan kebahagiaan yg tanpa batas, dn yg terbaik,,,amiiin ya Robbal alamin,,,ğŸ™ğŸ»ğŸ™ğŸ»ğŸ¤²ğŸ»ğŸ¤²ğŸ»ğŸ¤²ğŸ»ğŸ‘ğŸ»ğŸ‘ğŸ»â¤â¤â¤"
203,203,Lebih cocok jd pelawak daripada jd pendakwah
204,204,Bar ngusep sirahe bojone Pindo  Sakiki ngusep atine bakol es teh...piye to Gus sampean ki
205,205,gus miftah mau trus brdakwah  masa si msh ada yg mau dengerin apa ga mundur jg pasti di pecat bpk presiden prabowo sangat prduli sm rakyat miskin
206,206,"Gk usah Nangis, Air mata palsu itu, .. 
inget pas kemaren ngolok"" Sama se gerombolan mu yg ilmu nya tinggi kemaren, . 
Gk Bisa ngajeni WONG CILIK"
207,207,kok mewek kemarin menhina orang miskin ketawa ketawa sdan sombong kok sekarang menagis
208,208,Ustd Reman ko mewek jugağŸ˜ğŸ˜
209,209,"Kenapa lu jabrib mengundurkan diri,  malu yah"
210,210,"Sudah berbulan bulan menjilat baru kemaren jadi pejabat udah modyar,"
211,211,Potong dulu rambut
212,212,Pejabat yang lain contohlah.. kalau Anda yang berbuat salah akuilah dan mundurlah masih banyak anak bangsa yang lebih baik.. â¤â¤â¤
213,213,Bgus mundur aj gak pantes crmah kyak gthu
214,214,Msih mau bela diri boos
215,215,kocak lu GUS masa nangis skg.. Coba ulangi ekspresi muka ketawa waktu hina pedagang es
216,216,Sabar Lek....... Sampean wong pinter..... Cuma cara ngomongmu sing kurang bener alias saru........
217,217,"Inilah cermin buat kita semua,jangn sampai lisan menyakitkan oranglain"
218,218,"Pak presiden pak Prabowo perna bilang , sya hormat pada petani , pedagang kaki lima , pedagang asongan ,ojol , dll , hlaaa mala gus miftah menggoblok kan pedagang asongan"
219,219,Semangat gus stiap orang pasti pernah melakukan ksalahan tidak ada manusia yang sempurna karna kesempurnaan milik alloh semoga kedepan nya akan lebih baik gus semangat semoga semakin mendekatkan diti kpda Alloh yg maha benar dan maha membolak balikan hati manusia amin
220,220,Kemarin  ketawa    gus   mana ketawa mu   ..
221,221,Kok cengeng se x sih
222,222,Lebih baik mundur    dari pada di copot secara tak terhormat..       Mita  harus di    proses sesuai  UUD  hukum  di indonesia ..   Jang    hanya mundur dan meminta maf  terus   udah kelar..     Tangkap dulu gusmita     beri hukuman..
223,223,td layak lgi d undang orang sombong yg kya gini bagi orang yg mau mengundang lbih goblok lgi
224,224,Berdakwah lah anda di rumah anda..karna gk ada yg mau mendengar karakter dakwahan anda paham sampean
225,225,Gus mihta tak psntas di sebut pendakwa .       Hapus  juga dari  pendakwahan..
226,226,kepada seluruh rakyat indonesia saya ucapkan terima kasih sudah mendukung...siapa yg dukung..gw sih kagak ğŸ˜…
227,227,Terima kasih sudah memilih  mengundurkan diri. Kata beliau sebagai langkah awal bukan langkah mundur. Mari kita hargai pilihan beliau. Tuhan memberkati ğŸ™
228,228,"Se orang ustad ucapan kata""nya jangan kotor n seenaknya perutnya sendiri,ustad itu beri tausia yg baik karena ustad itu orang yg ber ilmu n pendakwah,beri wejangan yg baik,bukan malah mulut nya menghina"
229,229,"Ini sebagai contoh untuk seluruh pejabat di NKRI budaya mundur apabila melakukan sedikit kekilavan, walaupun itu tdk disengaja budaya mundur ,fenomena ini akan. Menjadi dimulainya fenomena baru  untuk seluruh pejabat baik dari pusat sampai daerah bupati, gubernur dsb. Hormat untuk gus miftah"
230,230,"Mudah2han yang di panggung yang ikut ketawa, akan d miskin kan hartanya oleh Alloh subhanahuwataala amin2, kunfayakun"
231,231,"Mau nagis mintak di kasihani,ini yg mau di cantohin,ati2 pak Prabowo cari org utk JD pemimpin,sy dukung pak Prabowo SDH 3 priode"
232,232,Mana ktawa mu yg kmarin yg waktu merendahkan orang lain tu..kok mewek sih andağŸ˜‚ğŸ˜‚ğŸ˜‚ğŸ˜‚ğŸ˜‚betapa bahagia rakyat indonesia gk ada  pereman pasar berkedok penceramahğŸ˜‚ğŸ˜‚ğŸ˜‚jujur ini lah pidio yg paling lucu yg saya tonton..satu kata untuk anda maaaaammpuuuuuss
233,233,"Bagus lah kalau mundur, anda itu belum pantas duduk d sebelah pak Prabowo"
234,234,"Jg byak omong lh bos,ayat2 yg kau baca hya utk bela diri"
235,235,Lihat saja sadar asli atau palsu...klo sadar alhamdulillah...
236,236,Ulama kocak
237,237,Kesatria mengakui kesalahanâ¤
238,238,Hahahahahahahahahaha
239,239,Bagis lah jika km SADAR GUS KAMPRET .
240,240,"Saya sangat mengapresiasi langkah yg Gus Miftah ambil .
Patut di contoh ,walau kesalahan nya hanya kcil"
241,241,"Syukurlah kl anda sadar diri, untuk mengundurkan diri.. biar jadi contoh dan pembelajaran  buat pejabat lain ..kalau punya kasus..segera mundur..bukan malah cari cari alasan dan kambing putih"
242,242,Wala takfu malaisalaka bil ilmi(jngnlh kamu mudah menyimpulkan sesuatu yg blm kamu ketahui)
243,243,Gondrong doank tapi nangis
244,244,Jangan sombong lah jadi orang
245,245,Biasanya seorang atasan jika bawahannya berbuat kesalahan yang fatal maka seorang atasan memberi 2 pilihan mundur atau di pecat.
246,246,mimtah asal ngagah ngomong teh
247,247,"Syukur alhamdulillah atas kesadarannya,bahwa anda tidak layak untuk jabatan itu gus..."
248,248,"Kemarin angkuh !!!! 
Sekarang lusuh 
Gus gus ..darimana juga kamu dapat gelar Gus"
249,249,Bukan dari canda gus mifta tukang jual esteh dapat rizqi dadakan
250,250,MUNDUR... KARNA TERTAWA YG BERLEBIHAN... JOWONE BEECIK KETITIK OLO KETORO
251,251,MUNDUR... KARNA TERTAWA YG BERLEBIHAN... JOWONE BEECIK KETITIK OLO KETORO
252,252,Benar kata pepatah mulutMU adalah harimauMU
253,253,"Pembelajaran bagi siapapun..
Saat yang mahakuasa mengangkat derajat anda, anda jangan lupa jabatan yg dititipkan oleh presiden bukan berarti membuat anda makin pongah,, ingat, jabatan itu adalah sebuah ujian dari Allah,, sekarang anda siaÂ² amanah yang maha kuasa terhadap anda dengan mencaci seseorang hanya karena menyangkut anda diberi jabatan presiden, trus anda bisa seenak anda,.
Itulah kesalahan anda, ingat Gus,, nikmat tu cuman sampai tenggorokan.. sekarang anda telah dicabik-cabik oleh mulut dan kelakuan anda sendiri,, gak usah pake cuci tangan biar Anda dianggap benar lagi,, introspeksi aja diri sendiri, trus biar orang lain yang akan menilai anda..
Murid Anda si dedi mana suaranya..
INGAT,, KITA HIDUP,, JANGAN SOMBONG, apa lagi PONGAH.
HatiÂ²lah dalam berucap, hatiÂ² dalam bertindak, HatiÂ² bertingkah laku..
Bagi yg kemaren ikutan ketawa terbahak-bahak diacara si Gus Miftah, kalian juga harus introspeksi diri juga, secara gak langsung sikap anda juga bikin hati orang terluka, jgn hanya jadi penjilat pada SiMiftah dengan PD nya ketawa terbahak-bahak,, sekarang kalian saksikan sendiri kan,, sekarang kalian dihinakan juga. Harusnya kemaren anda gak usah ikutÂ²an ketawa, anda harus pikirkan dulu itu candaan atau hinaan, yg akhirnya anda juga ikut terjerumus oleh tindakan SiMiftah..
Kalian semua orangÂ² yg berpendidikan, maka gunakanlah sebagai mana mestinya seseorang yang berpendidikan.
SEMOGA KEJADIAN INI, JADI PELAJARAN BAGI SELURUH TOKOHÂ²/PEJABAT DI SELURUH INDONESIA..
Ingat,,, jabatan itu banyak artinya,,,
Bisa jadi jabatan bukti kekuasaan Tuhan mengangkat derajat
Bisa jadi jabatan itu adalah ujian
Bisa jadi jabatan adalah berkah dan banyak lagi yg tersirat dalam jabatan dan ketenaran."
254,254,2:02:50 di maafkan
255,255,"gua mah geliat dia ceramah pakek kacamata hitam kalo lagi ceramah aja ,udah gak simpatik sama ini orang , eeee benar sekarang terbukti , ini orang bukan penceramah , cocok nya jadi badut"
256,256,Wah bisa dalil gaes ...membaca pula ..
257,257,maleess komen...ğŸ˜¢ğŸ˜‚ğŸ˜ŠğŸ˜®
258,258,Keliatan dia bukan ahli ilmu..
259,259,Mendingan nabalin
260,260,"Nah itu lebih bagus dari pada membuat malu , udah di kasih jabatan sama pak bowo kok bikin ulah."
261,261,"Sudah jangan mewek mewek,itu sudah karakternya. Ganti saja GUS IKHDAMM"
262,262,ğŸ‘ğŸ‘ğŸ‘ğŸ‘ğŸ‘ğŸ‘ğŸ‘
263,263,alhamdulillah mundur juga ğŸ¤²ğŸ¤²ğŸ¤² semua sudah terbukti
264,264,"GUS APAAN KAU,"
265,265,Gak pantas jadi panutan
266,266,Untuk santri santri gus mifta saya sarankan cari guru yang punya adab yang bagus. Sehingga bisa bermanfaat ilmunya.keluar dari pondok ataubyang santri diluar pondok
267,267,"Setelah ini boikot ponpes yg pemiliknya ngakak disamping orang ini, pesantren Al-Huda magelang.. tolong  masih banyak ponpes yg lain.. jgn termasuk orang munafik menitipkan anak ke orang yg gak punya hati nurani...seperti Usman Ali... Dia bukan kyai.. dia cuma penggemar poligami...."
268,268,"Yaudah iya...lagian becanda nya begitu...tau sendiri netizen bro...wasit bahrain aja ampe ketar ketir....semoga lebih baik lg cara dakwahnya bro...kurang""in deh kata""tersebut...emang di lingkungan masyarakat kata""tersebut selalu terucap...bahkan kata""binatang pun biasa aja...kalo yang ucap orang biasa ya...tapi kalo punya nama trus keluar kata""tersebut auto tranding no 1...bisa x sebulan lebih tranding..."
269,269,ğŸ˜ŠğŸ˜Šlebay politik politik .. Nggedebus...
270,270,Mewek mewekkkkk wkwkwk....
271,271,Andaikata dagang es tidak di goblok goblokan sama Gus Miftah kira kira dagang es firal tidak.kira kira dagang es hari ini naik derajatnya apa tidak ?
272,272,Alhamdulillah
273,273,"Nyadar kan kamu guas, makanya punya bahasa tutur kata di jaga, jangan asal njeplak"
274,274,Barokah JD mukhibin..... Ya gini... baru saja blm 1bln eh jatuh dgn sendirinya...ğŸ˜…
275,275,"Justru sebelahnya gus Mifta yg benar,2.minta maaf.kelihatan arogansinya.dia jg nanggung dosanya dihadapan Allah."
276,276,Alhamdulilah Klau Masih Sadar diri Masih banyak yg pintar Dari pada congornya ngak bisa dijaga
277,277,Maka nya mulut dijaga ... seorang kyai gak pantas bicara kotor ...
278,278,"wkwk istikhoro...blg ae miftah malu di olok olok notizen.., emang wali istikhoro lgsng kobul"
279,279,Yg kemarin ikut ketawa bareng kenapa ga ikut nangis bareng?
280,280,"lebih baik mundur dari pada menunggu di pecat secara tdk terhormat,karena anda tdk pantas menjadi pejabat negara !!!"
281,281,"Sekarang, miftah harus membuang nama gus, karena dia bukan gus, dn jangan sekali2 mendulang uang dari berceramah, dn sudahla... Jangan ngomong dalil/hadis itu malah mencoreng agama islam"
282,282,"Setelah penjual es teh, selanjutnya penjual apa lagi ya yang di katain gğŸ˜‚blğŸ˜¢k.  Dakwah sekarang menjadi bisnis dan politik yg menjanjikan."
283,283,Itu jg yg sebelah gus Mifta.jg harus minta maaf.yg modelnya  seperti plecehan pedagang kecil
284,284,"malu kl ga mundur bro
sadar dirilah"
285,285,Mmang begitu hrs mundur.
286,286,"Penyesalan emang datang akhir belakang , jadikn contoh ingat sllu jg lisan trhadap orng lain"
287,287,"Nhaah ini bisa menjadi pembelajaran yng mahal untuk semuanya apalgi bg publik figur maupun politisi,, untuk lebih menghargai sesama manusia, mulutmu bisa menjadi harimau mu"
288,288,Nangis tenan opo sandiwara kui
289,289,"begitu dong mundur dengan hormat.
jadi yg goblok itu bukan penjual  es, tapi sebaliknya"
290,290,Orang2 yg TerAnia DoAnya  Sangat di Ijabah sama Allah Swt...Semoga kelak tidak terjadi lagi..Amin
291,291,"Sy salut buat Gus Miftah,orang bisa saja khikaf,semoga kedepannya tidak terjadi hal sperti ini lagiğŸ™ğŸ™"
292,292,Baguslah mundur itu lbih baik sadar diri
293,293,Belajar lg Gus tentang adab berbahasa dan kurangi tingkah laku yang kurang baik
294,294,Wahai umat Islam di seluruh jagat Maya ??? Semua yg menjalani hidup pasti mengalami ? Yaitu kemarau setahun hujan sehari !!! Hanya orang rendah hati yg tau makna dr pribahasa di atas
295,295,Gondrong boleh2aje tpi sesuaekn dngn status lo ini bukan zaman nabi yg tak ad tukang cukur.
296,296,"Menghina seperti itu tidak baik tapi beliau tidak merampok hak orang lain, malah gara gara kesalahan beliau orang lain menjadi makmur. 

Coba bandingkan dengan para koruptor yang jelas jelas merampok hak rakyat miskin itu gak pernah ada ynag menghujat sehebat menghujat gus miftah..."
297,297,Dan boikot juga harusnya yu orang
298,298,Begitu cepatnya tawamu berubah jadi tangisan.
299,299,"akhirnya di bukakan jalan nya,ga tepat menjadi utusan presiden"
300,300,Kasian gus miftah.
301,301,"Baguslah intropeksi diri ingat etika dan adab moral lebih tinggi dari ilmu, buat apa punya ilmu tinggi kalau tak punya adab dan etika, masih banyak orang yg beradab dan beretika, dari NKRI ini salam akal yg waras ğŸ™ğŸ™ğŸ™"
302,302,ada suara kucing.seakan akan puas dengar mifta mundur.wkwk
303,303,"Cerdas jg...cari simpati semua Orng..mdah""an az..apa yg di katakan Miftah benar ada nya."
304,304,Baguuuus ğŸ‘ğŸ‘ğŸ‘ğŸ‘ğŸ‘
305,305,Nahhh ngono...aku melu lega yen Gus Mif wani mundur kanti Legawa lan uwes njaluk ngapura marang Gusti Alloh uga marang lek Sunhaji uga marang Presiden lan Rakjat Indonesia. Jaga slalu KB Hasan Besari Jetis Tegalsari Ponorogo. ğŸ‘ğŸ‘ğŸ‘ğŸ™ğŸ™.
306,306,Beneran pa hoak
307,307,"Ngono yow isek sempet"" te ...dalil joh."
308,308,"Penyesalan slalu dtng blakangan,dn ma,af adalah yg pling gampang di ucapkn oleh mulut."
309,309,"MAKANYA DI SAAT KITA DEKAT DENGAN REZIM JANGAN ANGKUH, SEOLAH-OLAH KALIAN PEMILIK BANGSA INI, RAKYAT LAIN YANG TIDAK MENDUKUNG JUNGJUNGAN KALIAN, KAU BILANG INI, KAU BILANG ITU, PEDAHAL SEMUA YG KALIAN BUAT SADAR, NANGIS LAGI, MINTA MAAF SAJA SUDAH, MUAK KITA DENGARNYA, JEJAK DIGITALMU ABADI LO,"
310,310,Ya allahh tuhan yang mahakuasa berbuat sekehendak
311,311,halah kbnyakn omong..ngerti agama gak gerti adab..
312,312,Hancur....sehancurnya
313,313,katanya pendakwah kok gitu kan di kitab hadist Arba'in jelas selamatnya insan /manusia dgn menjaga lisannya makanya berkatalah yg baik kalau ga bisa baik lbh baik diam
314,314,Kita menghormati pilihan Mifftah mundur dari jabatan utusan khusus presiden yang berarti dia menyadari bahwa lebih baik mundur sebagai bentuk pertanggung jawaban atas kesalahannya menghina salah satu umat dan itu sangat tepat.
315,315,"Mungkin itu lah, yng sebenar nya"
316,316,Kau itu pantasnya jdi juri ayam aduan saja
317,317,"Lebih cepat lebih baik mundur daripada lama ""jadi pendakwah berkedok agama"
318,318,"mantap,,, Miftah malu oleh mulutnya sendiri"
319,319,Mundur secara ksatria....
320,320,Kalau saran mah ust adi hidayat
321,321,Mundur karna desakan sitizen
322,322,"Dan jgan ceramah"" Lgi...itu akn lbih baik gus.. Msh bnyak juga kiyai"" Yg baik"
323,323,Ngak cocok ustad menghina orang rendah . Semesti menyampaikan yang baik baik aja . Kami orang bodoh ngak mau bicara seperti anda
324,324,"bagus akhirnya mudur,dari pada lansung di pecat.
itulah akibatnya klo punya ilmu ga punya adab.
iya jabatan hanya titipan,dan ingat ilmu pun klo gak bisa memanfaatkan nya akan di hisab.apa lagi menjadi guru agama, pertanggung jawabannya di akhirat sungguh berat.
jadikanlah ini pelajaran wahai  pendakwah Gus Miftah.ğŸ™ğŸ»"
325,325,"Qt ambil hikmahnya nya saja bahwasanya lisan itu bisa lebih tajam dari pada pedang, jika qt salah mepergunakan nya bisa berakibat fatal,, ğŸ˜¢ğŸ˜­ğŸ™"
326,326,"Alkhamdulillah emang sebaiknya seperti itu, lebih baik, Ketimbang kau sll men jadi"" kesombonganmu itu.Satu org lagi yg tertawa ter-bahak"" seperti setan itu ktnya konon seorang pimpinan ponpes.Dia sama sekaii layak khawatir karakternya yg berbahaya itu menular kpd yg lain."
327,327,"Pikran dan rasa masing"" orang sebenarnya kembali ke suasa batin dan pikiran orang itu masing"" ,yg membencimu itulah suasana batin pembeci ,yg suka itulah suasan batin yg cinta / suka ,jadi biasa saja gus tetap berjuang semangat Gus ! â¤"
328,328,"APAPUN GUS MIFTAH TETAP IDOLAKU...MMG GAYA DAKWAHNYA BEGITU, DAN GA MUNGKIN JG KYAI BESAR SPT GUSMIFTAH, BERNIAT MNGHINA ..SABAR GUS, ALLAH MAHA TAHUâ¤â¤â¤â¤â¤"
329,329,Janga sebut Gus krna ucapanya gk pantas utk seorang yg brgelar gus
330,330,Harusnya jadi pigur seorang habib itu
331,331,Banyak manusia waras yang lebih pantas
332,332,"Air mata buaya tidak layak kamu jadi pemuaka agzma sombong menghina orang sesukamu aja ngomong tidak pantas j
Kamu  bicara sehenak  mulut  ingat mati dunia sementra"
333,333,"Etika dan adap itu lebih utama
Kalau kita tak beradab  GI mana tu"
334,334,"salamatul insan fi higdzil lisan, sabar gus ini cobaan dari Allah SWT, kedepan kalau berdakwah lebih berhati-hati gunakan  kata2 yg baik, jangan merendahkan orang lain apalagi di depan umun, semoga gus Miftah lebih sukses lagi, sabar gus..."
335,335,"Nyatai aja Gus mifatah orang yg membencimu dia tak tau suarana batinmu kepadanya ,dia yg nyukaimu tau akan batin mu ,begitu sebaliknya  panjengan Gus !â¤"
336,336,Buat yg laen jaga mulutnya mkanya
337,337,"Cara Allah memuliakan,dan menghinakan mahluk nya...sangan unik... kunfayakun"
338,338,Lidah tidak bertulang
339,339,"Aktingnya bgus.. Gus miftah lbh baik jdi bintang sinetron aja,  sialnya hidupnya pnuh dramağŸ˜…ğŸ˜…setanpun gk prcaya akan omong kosongnya apalagi manusianyağŸ˜‚"
340,340,"Klw sudah kyk gini bru nangis"" Ente. Kmarin menghina org susah smpai terbahak"""
341,341,"Itu baru takdiiir,,,,setelah kau angkat derajatnya pak sunhaji  gus miftah lepas jabatan. Mudah mudahan  mundurnya dengan keihklasan,,,,,â¤â¤â¤â¤â¤"
342,342,Lebay...
343,343,Semua manusia tak luput dari kesalahan n kekhilafan.Semua ini ambil khikmahnya ..... Nasib rezeqi n bala Allaah telah mengaturnya â¤
344,344,"Tau batal haram tp gak punya adab, agama cuman jadi kedok"
345,345,intinya... mengolok mengejek itu gak baik. jadi... ya jelek
346,346,ğŸ˜‚ğŸ˜‚ğŸ˜‚ğŸ˜‚ğŸ˜‚ğŸ˜‚ğŸ˜‚ğŸ˜‚.....rasakan dn jg hrs di boikot di tv
347,347,Sdh merasa bersalah
348,348,"Ini lah gus miftah,selalu jentelmen."
349,349,Hmmm..akhirnya..Finis
350,350,Wes..wes..gak usah banyak Stigmen Bla..Blaa..Blaa...Gus...Mundue ya sudah.ini kan akibat ulah anda sendiri
351,351,"jangan banyak ketawa
nanti banyak nangis"
352,352,Lain kali jaga lisan jangan mudah mengaibkan orang
353,353,Kucingnya ikut menangis gus
354,354,Anda sudah bikin memalukan prabowo
355,355,Bagus  lah
356,356,Kamu seprti preman .tidak layak kamu jadi lintas agama  menghina orang miskin .hat busuk .
357,357,ALLAH SWA TELAH MEMBERIKAN PERINGATAN DAN COBAAN KEPADA MU ATAS PERBUATAN DAN PRI LAKU SELAMA INI TERUTAMA SAAT PILPRES DIMANA DIMATA RAKYAT ANDA TIDAK ADIL DAN JUJUR DIMANA SEBAGAI SEORANG ULAMA ATAU SEORANG USTAT SELALU MEREMEHKAN MANUSIA  CIPTAAN ALLAH . SDR GUS MUFITA BANYAK RAKYAT INDONESIA BAHKAN SELEVEL ANDA SEBAGAI ULAMA ATAU SEORAN USTAT BANYAK TIDA SEPENDAPAT DENGAN CARA ANDA MENGHINA SESAMA MANUSIA APA LAGI SEORANG YG TIDAK MEMPUNYAI KEMAMPUAN UNTUK HIDUP SEPERTI SDR GUS MUSFITA. TIDAK PERLU MEMBUKA BUKA DAN MENYEBUT AYAT ALQURAN RAKYAT SUDAH KECEWA DAN MUNDUR BUKAN HANYA JABATAN DISANDANG YG DITUGASKAN PRESIDEN TAPI BERDAKWA PUN HARUS MUNDUR.
358,358,"Apakah Miftah ini msh pantas menjadi pendakwah? Lebih baik libur dulu deh ..  sampai batas waktu yg blm bs di tentukan... 

Introspeksi diri dan cooling down dulu.. 

Ga usah banyak bacot ah.."
359,359,Betul Sebagai Pendakwa & PenghinağŸ˜‚ğŸ˜‚
360,360,Kepleset.....sendiri....
361,361,13:39
362,362,Jaman udah banyak  hp kemana2 harus jaga bicara sekarang cari kerjaan susah udah pejabat cuma salah ucap
363,363,JANGAN...SUKA .MENGHINA..ORANG....KECIL...PAK....ANDA KAN .PENDAKWAH......
364,364,"Tdk ada kata salut bagi saya, krn anda sdh layak mundur."
365,365,"Dan akhirnya pejabat pertama yg mengundurkan diri dari jabatannya setelah dilantik Pak Presiden,
 Mulutmu harimaumu.
Terbukti"
366,366,"Jangan lupa,,,para Netizen,,,orang yg disebelah Miftah waktu itu yg terpingkal pingkal sampai menepuk paha Miftah.di Usut & wajib minta Maff juga...ğŸ‘‰ğŸ‘‰ğŸ”¥ğŸ”¥"
367,367,Saya selalu mengikuti da'wah nya dia kayak lagak nya preman gak patut untuk panutan orang islam
368,368,Lebeh baik jual es teh dari pada jual agamağŸ˜…ğŸ˜…ğŸ˜…
369,369,Jangan terlalu angkuh ğŸ˜Š
370,370,Ù…Ù† ÙƒØ§Ù† ÙŠÙˆØ¡Ù…Ù† Ø¨Ø§Ù„Ù„Ù‡ ÙˆØ§Ù„Ø¨ÙˆÙ… Ø§Ù„Ø§Ø®Ø± ÙÙ„ ÙŠÙ‚Ù„ Ø®ÙŠØ±Ø§ Ø§Ùˆ Ù„ÙŠØµÙ…Øª
371,371,Rakyat Jawa tenggah setuju Gus goblok mundur pak prabowo
372,372,"Baguslah Miftah mundur dr Staf Khusus Presiden , drpd msh bertahan utk menunggu di pecat,.. malah lebih memalukan... 

Miftah setelah menghina dan merendahkan wong cilik,.. Tp Allah menaikkan derajat hidup wong cilik itu setinggi tingginya. Dan, Allah menghinakan si Miftah yg selalu menjual ayat dlm berdakwah, tp ternyata  semua lisannya  itu tdk  sesuai dg prilakunya dan kebiasaan yg ternyata sering menghina dan merendahkan orang,. Contoh nyata ketika merendahkan Penjual es, seniman senior Yati Pesek, bahkan istrinya sendiri pun dipermalukan di depan orang banyak... 

Ternyata  kamu  begitu rendah ya Miftah..."
373,373,Cramah lagi.. udah gk laku gus
374,374,Itu lebih baik bro.
375,375,"Ini adalah awal dari keretakan,"
376,376,AIR MATA. BUAYA.......
377,377,"Sebenarnya bpk yg engkau lecehkn itu g butuh umroh tp dia cm btuh di hrgai d btuh uang,dr pd engkau umrohkan lbh baek uangnya km ksih buat modal aja,nnti kl sdh ada hsilnya biarin bpk itu umroh sendiri,kesanya kok di paksa untuk umroh"
378,378,Bener gk tuh beritanya
379,379,Penuh HIKMAH yg dapat kita ambil dari kejadian ini... Semoga Allah SWT melindungi diri kita semua dari salah dan khilaf ... Aamiin ğŸ¤²
380,380,Gus Miftah menjadi contoh siapapun bila bersalah akuilah kesalahannya .... Jgn salah tetapi mengaku benar ...... Salut .... Gus atas tanggung jawabnya ..... Allaah sayang kepada hambanya n telah menyadarkan n menyelamatkan Gus dari kekhilafannya.Semoga Gus Miftah diberikan sehat selamat n tetap semangat ğŸ¤²ğŸ¤²ğŸ¤²ğŸ‘ğŸ‘ğŸ‘
381,381,Heh  beladiri tataumalu ihh
382,382,"Syukur deh, byk koq yg jauuuuuuuuh lbh pintar, baik, ganteng, org kaya dari lahir, soleh, jujur dan tdk sombong pulağŸ‘ŒğŸ‡®ğŸ‡©"
383,383,Alhamdulillah kalo beneran mundur karena akan memalukan prabowo
384,384,galfok sama kebisinganya
385,385,Semua manusia pasti hilaf
386,386,"Justru dengan kejadian ini Alloh SWT mlh sedang menjaga Gus Miftah yang sudah terkenal agar tidak terjerumus ke lembah kenistaan ,,,yang bertolak dengan peranya beliau karena sysitan selaku berupaya dengan seribu cara untuk menjwruskan manusia baik itu seorang ulama apa lagi seperti kita2 manusia biasa maka janganlah memojokoan dengan kesalahan seseorang ,,masa seribu kebaikan yang telah diperbuat hanya dengan satu kesalahan ,,,lansung semua mejeleknan total dengan Gus ,,pdahal kita semua pasti punya kesalahan dan kehilafan ,,,"
387,387,Baguuuuus bangeeet. .... Dia sadar diriğŸ˜­ğŸ˜­ğŸ˜­
388,388,Kamu belajar akhlak dulu yg betul
389,389,"MULUTMU HARIMAU MU,,,istilah yang tak akan Pudar."
390,390,Indonesia luas Banyak ragam  dan agama   dan penilaian bukan dari Islam saja yg mendengar   baguslah Mengundurkan diri
391,391,"Sy kasih ğŸ‘ğŸ‘ğŸ‘atas keputusannya..ini namanya : JENTLE.bkn seperti orang lain,sdh benar2 salah,masih mencari pembelaan & pembenaran..demi kedudukannya."
392,392,Mg sukses sandiwara ny
393,393,Mengundu
394,394,Aja nangis gah Guss ğŸ˜‚ğŸ˜‚ğŸ˜‚
395,395,Gus gimana rasanya jadi pemimpin banyak orang susah kan kamu baru jadi setaf dan baru sekali berbuat salah sedikit aja udah di katiin netizen.kamu tau kan rasa tekanan itu dan kamu sudah nyerah dengan mundur baru sebulan banding kan dengan pak Jokowi yang berusaha berbuat benar saja banyak cobaan dari di tuduh pki di tuduh koropsi dan di demo sana sini bahkan sudah lengser saja masih ada isu di suruh di penjara kan coba fikir bagai mana pak Jokowi membawa beban itu semua dengan kuat dan sampai selesai masa pengabdian sebagai presiden jadi kamu baru tau dan merasakan susah payahnya pak Jokowi membimbing rakyat Indonesia jadi lain kali kamu harus pandai merawat negara Indonesia semoga faham mks
396,396,MIFTAH ....harus tau diri.
397,397,sepertinya kalau tida virall  adat dan kebiasaan yang secara tida sadar akan selalu di lakukan ...ucapan ulama itu besar pengaruhnya...semoga bisa jadi pelajaran bagi semuanya bahwa adab sopan santun adalah  ahlak rosululloh..
398,398,"Makanya,banyak belajar, untuk bertutur kata,itu lah,sifat asli,kamu,yang keluar secara spontanitas jadi Allah itu adil,makanya,kalau hidup itu harus bersyukur....jangan sombong,jangan merasa congkak.... jadi nggak usah menyesali,itu pembelajaran buat kamu,,jadi nggak perlu klarifikasi sedih...."
399,399,"Ini jadi contoh pembelajaran berharga bagi para pejabat di negeri ini . Menjunjung tinggi Etika , moral dn budaya malu . Terutama takut melanggar ğŸ˜®sumpah jabatannya pd TUHAN . Janganlah kalian meniru para pasukan Dajjal la'natullah yg terkutuk , yg TDK punya rasa ğŸ˜®malu , melakukan kejahatan dgn berlindung dibalik kekuasaan dn memperalat hukum ."
400,400,Bsgussadardiri tingaldiambilhikmahnya gudtrskandakwah utkumatislam
401,401,"Aku.salut dengan Gus Miftah ,,,mengakui kesalahannya dan ambil.keputusan yang terbaik menurut Gus ,,,mengundurkan diri ,,,karena mengambil.hilmah dari kejadian yang telah ia lakukan ,,dan tidak.membela diri tapi justru kemudian mejaga kabinet BP presiden yang baru ,,agar tidak berkepanjangan   dampak dari kehilafan yang ia lakukan ,,,tetap semangat Gus ,,dan bisa sebagai suri tauladan untuk gus2 yang lainya agar lebih berhati2 dalm mengembangkan ilmu agamanya yang utama dari sikap dan tutur katanya bisa bercermin pda nabiyulloh Muhamad saw ,,,amiin"
402,402,"Bagus,, sadar diri beralti dia, orang kurang ajar tidak berakhlak memang tidak layak jadi utusan presiden"
403,403,"Lebih parah mereka Bahar smit, rizik dan Roky, refly Harun, Roy Surya dan Faisal Asegaf, menghina mecaci maki pemerintah, tapi TDK ada yg berani tangkap mereka,,,dibandingkan dgn Gus Miftah,,,ini contoh kecil yg TDK ada persatuan diantara tim Prabowo,,,pihak lain menertawakan kita"
404,404,"Seharusnya memang layak utk mengundurkan diri...contoh seorang ksatria..ditunggu Mentri ex Kominfo yg tersandung judi online sesegera mungkin mengundurkan diri ...

ğŸ˜ŠğŸ˜Š"
405,405,Kuwalat paleng
406,406,Memang wajib diberhentikan jika TDK ingin melakukan hal yg sama..dia bukan ulama ataupun penceramah..mulutnya jahat sejahat yahudi
407,407,Kou yg menghina orang lain sekarang mendapatkan balasannya kou direndahkan oleh orang lain itulah hukum karma
408,408,Harapanku moga gus miftah menyadari akan kekilafanya memohon ampun kepada Alloh dengan memperbanyak istifar agar mendapat pengampunan Alloh SWT
409,409,Ini buat pelajaran kita semua bahwa Adab lebih tinggi dari pada ilmu
410,410,"Tetap semangat Gus...jgn berenti melecehkan orang miskin, jgn mewek dong kemaren di panggung begitu gagahnya ngatain orang goblok, hahahaha......ğŸ˜‚ğŸ˜‚ğŸ˜‚"
411,411,BINATANG
412,412,Jani suroh Al imrony di baca Guss biar sy mgerti bunyi ayatny..g artiny ja
413,413,"Bagus mundurlah 
Jdi staf khusus juga gk ccok, rambut panjang, mulut gk disiplin, apa yg harus jdi contoh???"
414,414,Sdh banyak yg tobat dari Dakwah dia ..
415,415,Keputusan mu ituuuu...karena kmu viral...membuat kmu di hina dan jadi malu
416,416,Gara2 warganet bilang pecat2ğŸ˜…
417,417,Bagus mnding mundur aj orng sprti itu msh bnyk orng baik ko
418,418,Sukur Alhamdulillah mau mengundurkan diri
419,419,"Penceramah kondang
Yg di idolakan banyak umat islam
Dg mudah Dihinakan 
Karena ucapanya 
   Semua ini hanya Allah yg maha tahu 
Dari keasliannya"
420,420,Sukur Alhamdulillah mau mengundurkan diri
421,421,ğŸ˜‚ğŸ˜‚ğŸ˜‚ğŸ˜‚ğŸ˜‚ğŸ˜‚
422,422,Gus Miftah ...... Kesatria ..... ğŸ‘ğŸ‘ğŸ‘ğŸ‘ğŸ‘
423,423,Alhamdulillah tks ya Allah smg yg bersangkutan kelak masuk surga ğŸ˜‚
424,424,SAyang sekali bukanya dari kemarinÂ² kau mundurnya Gus ğŸ˜‚
425,425,Makan nya jngan sombong
426,426,Menangis menyesal
427,427,Lebih bagus begut... Shrusnya memberikan contoh yg baik apa lgi sorang tokoh agama malu atas apa yg tlah d lakukannya..jangn mberikan contoh yg buruk
428,428,"Emang tak sepantasnya orang yang mencla mencle jadi utusan presiden,,dulu menghina presiden sekarang menjilatğŸ«¢"
429,429,"Prabowo sangat percaya pada anda tetapi kepercayaan itu anda salah mempergunakan nya, lebih2 menghina kehidupan org yg bekerja dg susah payah dan halal dari apa yg anda katakan kepada nya. Itu pembelajaran buat anda,bukan masalah kepercayaan Prabowo, tapi masalah omongan anda yg menghina org itu"
430,430,"Kekhilafan itu cukup sekali dan 1 orang yg d hina n sampai berkali2 dan lebih dari 1 orang yg d hina,harusnya klo bekas dari anak jalanan lebih tau harga dirinya dan bisa menghargai orang2 miskin orang lemah bukannya d hina gus gus."
431,431,"Blangkon itu simbol dari kebagusan hati dn jiwa.bukan simbol ucapan di lisan yg manisğŸ™ğŸ™ğŸ™ğŸ™secara psikologi jiw
amu memandang orang sebelah mata,bagiku lbih baik pake topi kyk aku"
432,432,Kemaren dg bangganya hina orang... Sekaeang namggis... Dg pembelaan diri.... Dasar semprol
433,433,Bercanda boleh tapi pada tempatnya dan jangan menyakiti orang
434,434,Kan Gus perna ngomong saya tidak butuh jabatan.
435,435,"Penyesalan Tidak Akan Merubah Masa Lalu,KEKAWATIRAN TIDAK AKAN MERUBAH  MASA DEPAN"
436,436,akhirnya kembali kederajad yang aslinya
437,437,Harus kita renungkan sabda Rosululloh SAW  doa orang yg di dzolimi itu mustajab dan di lzabah oleh Alloh SWT
438,438,Nasi dah jadi bubur
439,439,Ga ada LG yg ngundangğŸ˜‚
440,440,Gus bully aq mau di bully  jg biar dpt rezeki banyak
441,441,Abdul Somad saja gak gitu gitu amat mulut nya yg paparan nya jelas dakwah nya bagus ini mulut rusak ahlah 0
442,442,"Hebat bagus.. Msh ada hati nurani mu... 
Jadikan semua ni pelajaran pak.. 
Kdpn Semoga jgn di ulangi lagi.. Hati2 dalam berucap.. Semua perkataan itu ada tempatnya.."
443,443,Baca QS Al Hujurat ayat 11 sd 13 biar paham Gus
444,444,"Bagus lh masa orang ber agama
Bisa merendah kan orang yg lg cari 
Rizki"
445,445,"Mknya lu pny mulut jgn asal jeplak sdr sm diri lu yg sdh d angkat derajatnya sm allah swt eh mlh menghuna orang lain jadi pendakwah itu harusnya tau memanusiakan manusia bukannya menghina dengan kt2 goublok n itulah,jgn merasa sdh jadi pendakwah lalu dgn seenaknya pny mulut asal keluar,bukan 1 2 orang yg lu hina hai pendakwah gk beradab."
446,446,"Aku yakin kalau ada 10 orang saja ber jiwa seperti ini di Indonesia.
 pasti Indonesia ini makmur mantap bg gus miftahğŸ‘ğŸ‘ğŸ‘ğŸ‘ğŸ‘ğŸ‘ğŸ‘ğŸ‘ğŸ‘ğŸ‘ğŸ‘ğŸ‘ğŸ‘ğŸ‘ğŸ‘ğŸ‘ğŸ‘ğŸ‘ğŸ‘ğŸ‘"
447,447,"Ga usah pake nangislah Gus,wis kadong Sego jadi bubur,menghina mencela sampai sampai di sebelah mu tertawa terbahak bahak tanpa anda stop"
448,448,"yoh , seidaknya ijik duwe isin .. wes munduro ra ono sing gondeli"
449,449,"Udahlah Miftah, lebih baik kamu mundur, sebelum dipecat secara tidak hormat."
450,450,"Lengkap sudah 
Bakso sama es teh....
Gk bahaya ta"
451,451,Jangan nangis lokkkkk...itu karma muuuuu lok.....masih carmuk aja lok....
452,452,"Sudah terll sering minta maaf 
Harusya klo udah minta maaf jgn diulangi"
453,453,"Ketika 1000 kebaikan di abaykan dengan 1 kesalahan, begitulah manusiya yg gx punya hati nurani."
454,454,"Orang yg pinter blm tentu bener,sedangkan orang yg bener Billa berkata sangngat berhati,,Pelajaran buat yg katanya Gus...ini lh  pengallam ilmu tanpa gurusrkali,punya guru gurunyanya se-Indonesia,mbok mallu bin isiinğŸ˜„ğŸ˜„ğŸ¤­"
455,455,Mantap saya salut sama GUS MIFTAH ini sudah direncanakan ALLOH SWT.Buat contoh di pemerintahan pak PRABOWO SUBIANTO. Barangkali nanti ada pejabat yg salah harus berani mengundurkan diri
456,456,Senang hati dan bagus lah mundur biar gak terlalu cobak tunduk lah
457,457,Mending mundur drpd bikin malu dan malu2 insgr bebenah drğŸ˜…
458,458,Bagus. Masih punya rasa malu.
459,459,MANTAB
460,460,Dihancurkan. ALLAH. Dengan sehancur hancurnya... Alhmdllah ya Rob...
461,461,"Kalo dakwah, membaca hadist atau isi Qur'an liat tablet mah anak SD juga bisa."
462,462,Saya respek smoga allah memuliakan mu
463,463,"Ngga usah nangis guuus, harus tegar setegar apa yang Gus pernah ucapkan kepada orang lain, guuus nangis minta belas kasihan dari BP presiden yaaaa biar di pindah kan jabatan nyah"
464,464,"dh jangan bersedih jika tidak mengundur diri juga akan di berhentikan ,"
465,465,Nangiso seng banter
466,466,Udlah gk usa exting lagi bro.air matamu tidak ngaru buatku.
467,467,Jadikan pembelajaran ..jgn berhenti di pak sunhaji saja..tp utk yg lain jg..krn seblm nya jg mngkin bnyk yg tersinggung bahkan malu atas candaan yg maaf arogan..jadilah penceramah yg menyejukkan bukan mengundang tertawaan berujung menjatuhkan mental  seseorang..Semangat berhijrah Gus..mnjd lebih santun dalam menyampaikan dakwah
468,468,"Semua.ini ada hikmahnya,mudahan kedepanya bisa lbh santun dlm bertutur kata"
469,469,"Alhamdullillah,sudah faham dengan firman Allah yang di baca sendiri,semoga taubatnya di terima Allah"
470,470,Orang laki bs nangis jg ya
471,471,"Lhoooh...!!!
Bisa nangis ..!!
Alkhamdullilah .kalau bisa nangis ...ğŸ˜…ğŸ˜…ğŸ˜…"
472,472,"Da'wah nya yg byk arti bagi orang byk di seluruh Nusantara, bermanfaat bagi umatnya yg mampu mencerna, Tausyiahnya yg berilmu byk yg di petik dari seorang Gus Miftah,hanya bagimu yg berbudi pekerti orang2 yg tau getir pahit kehidupan,yg komen seenaknya cb bandingkan biodata Gus Miftah dgn kyai atau pendakwah lain secara detail di seluruh Nusantara, baik yg mna mas Brow""? Jd Gus mundur dr jabatannya bukan karena salah sepenuhnya atas ungkapan itu kpda pjual es teh,bagi saya itu kata2 biasa,apapun ucapan nya tergantung penyampaian dan expresinya, kbyakan yg komen gak bermutu asal ngejeplak, ngaca donk"" siapa kt, ukuran utk mjdi orang yg bisa membuat orang lain tersenyum, berjuang dari utk diri sendiri hingga utk santri2, bahkan utk orang byk di negri ini, TDK mudah dan TDK sbntar Brow""? Jd jgn bertepuk sebelah tangan,, buat siapapun anda, mari kt sama2 bljar dari kesalahan yg TDK hanya sekedar ngomong sambil merokok yg harganya 35 RB perbungkus tiap hr, tanpa menghiraukan sesama,? Gus Miftah, LUAR BIASA, aku suka ceramah nya dan pingin Ilmu nya, semoga Gus Miftah selalu sehat di pjgkan umurnya, Aamiin,,, salam warass,"
473,473,"Mangkanya ga usah aneh aneh ingat ada pribahasa,mulutmu harimau mu gus"
474,474,"Banyak video orang yg dia hina. Buakan hanya satu kali. Makanya gua. Punya lisan dijaga. Inget gus dulu bukan siapa2, tapi karna kebaikan gus dimasa itu. Allah swt mengangkat derajat gua. Setelah diangkat derajatnya gus malah lupa dan angkuh, makanya nikmat yg allah swt beeikan sekarang perlahan dicabut lagi oleh pemberi nikmat. Allah swt. Gus muhasabah diri. Siapa gus dulu sebelum dikenal orang."
475,475,Alhamdulillah..ahirnya..
476,476,"Salut buat Gus Miftah.. panjenengan Gentleman.. mengakui semuanya, walaupun sebelumnya dalam desakan.. secara tidak langsung panjenengan diselamatkan.. Mudah2an selalu istiqomah dalam misi berdakwah yang santun.. Mudah2an selamat dunia dan akhirat.. Aamiin.."
477,477,*NGAKAK* ala usman ali
478,478,ğŸ˜Š kemarin dgn banga tertawa skrng mewek dgn rendah hati.
479,479,"ternyata cengeng ,,,jga,,,!!!ğŸ˜‚ğŸ˜‚ğŸ˜‚"
480,480,"Makax jadi orang jgn  suka meremdahkn orang lain..jgn membusungkan dada..di atas langit masih ada langit..
perbuatan apapun pasti ada balasanx...lebih baik intrufeksi diri.."
481,481,"Jgn lupa Sholawatmu. 
Hasbi Rabbi jaallahu, masfikolbi ghoirullah"
482,482,"di tekan dri masyarakat gus karnatdk pantas lu jdi kabinetnya pak prabowo, karna omonganmu yg sombong,, kemlinti,,,!!!!"
483,483,"Gus semangat trs maju trs,,, agak saja ini adalah teguran dari Alloh supaya Gus menjadi pendakwah yg baik dn LBH baik  ,,sht slalu gus"
484,484,Nauzubillah Banyak lalat menghinggapi badannya? Pertanda apa ? Apa blm keramas malam Jumat atau belum gosok gig? salam dari persatuan lontâ‚¬ğŸ‰
485,485,"dh bgs jngan  bersedih jangan dalil ,"
486,486,"Tidak ada yang hebat di dunia ini, kalau tidak ada akhlak tidak perlu dihormati."
487,487,Penjual es itu cari uang susah payahnya untuk nafkahin kluarganya.masih aja dihina...
488,488,Biasa bos politik
489,489,"Kalau boleh usul,ustad Adi Hidayat insya Allah lebih tepat"
490,490,Belum khawat menerima pangkat.. Dan jabatan .
491,491,siapapun dan dimanapun tetap bisa menjaga lisan dan ucapan
492,492,Ah Pencitraan...lebih baik mundur daripada menimbulkan banyak fitnah ..karna belum cocok jd pejabat
493,493,smg kdpnny.lbh baik  n lbh bisa mnjga n mnghrgai orng lain..
494,494,Dulatttt
495,495,Nasib bisa di robah tapi takdir dari ilahi g mungkin bisa di robah nya smg semua menjadikan perhatian dan jadikan sebuah hikmah yg terbaik
496,496,"Respect sama Gus miftah,berani berbuat berani bertanggung jawab...
Jgn di ulangi lagi ya Gus,pelajaran buat kita semua"
497,497,"Gus, antum dipercaya sm pak prabowo loh. 
Tp knp sprti itu Gus?. 
Surat Al-Imron Ayat 26 msh antum liat diteks.
Astagfirullah Gus"
498,498,Ya alhamdulliah.. yg ga kuat memikul tnggung jawab.agama dan negara..
499,499,sementara sekali jabatannya mas. belum bekerja sudah habis mas seng sabar yo mas. dakwahnya di musola wae lbh bagus
500,500,Itu nama nya laki.klau salah ngaku salah  JD pantas klau Gus ngundur kn Diri  .Akhlak nya blm bersih
501,501,Klu dikit2 salah ngomong mundur dari jabatan . ini merupakan kelengahan dan ketidak dewasanya sehingga lawan pasti tepuk tangan dan gembira . Perlu kehati hatian tuk semuanya
502,502,alhamdulillah nyadar diri
503,503,"Gus, makanya lain kali kalau guyon hati2"
504,504,Apapun keputusanmu itulah hasil perbuatanmu yg kau tuai.ğŸ˜®ğŸ˜®ğŸ˜®ğŸ˜®ğŸ˜®ğŸ˜®ğŸ˜®
505,505,Mundur memang masih bnyk yg lebih bagus dari yg bagus memalukan presiden
506,506,"â¤ Gus Miftah,
Alhamdulillah panjenengan bersikap legowo,
Karena kejadian itu orang-orang  banyak yg menghujat panjenengan, tapi saya pribadi tetap senang pada panjenengan karena dengan ucapan panjenengan pak sunhaji langsung terangkat derajatnya ,ini menjadi bukti nyata kebenaran ayat-ayat Alloh ,semoga menjadi pelajaran bagi kita semua
Tetap semangat utk berdakwah dengan gaya& karakter panjenengan dengan tulus karena alloh"
507,507,Tangisan p3nyesalan mau jadi pejabat g jadi yq mif
508,508,"Bener apa yang engkau baca tadi di dalam surah Al Imran..
Bahwasanya Allah sangat mudah memuliakan seseorang dan menghinakan seseorang..
Mungkin ini yg sedang kau alami karena mulutmu yg gk bisa disaring disetiap memberi dakwah.."
509,509,Lebih baik ngundurkan diri bro ..biar aman pedagang miskin
510,510,"Alhamdulillah,"
511,511,Alhamdulillah beliau mundurâ¤â¤
512,512,Kok cengeng sih taim
513,513,Bgi para semua yg komen kl komen mkr dlu dong. Manusia di dunia itu ga ada yg sempurna semua pnya kehilafan tp knpa seorg Gus miftah makinntrpojok dan di pojokan. Hay pa sunami di mana hr nuranimu skrg bgn pa. Bnyak yg lain hdpnya di bawah sampean  bangun pa sunaji
514,514,Begitu songongnya akhir nya nangis nyesel ya
515,515,"Semangat gus ,itu semua kehendak yang maha kuasa"
516,516,Alhamdulillah
517,517,Dulu pernah menghina gus samsudin.
518,518,"Mungkin karma, karena orogan waktu kmpanye pilpres"
519,519,Bagus undur sendiri daripada dipecat terasa hina.dilihat dari segi penampilan pun orgnya seperti org tidak berilmu agama.hanya penunggang agama demi jabatan dan wang.malunya sepanjang hayat.balik kamunglah kawan belajar hukum islam sedalamdalamnya.sok sok alim
520,520,itu artinya Allah TDK merestui.
521,521,"Tetap semangat Gus, masih banyak yg mencintai mu,, kerna kami tau Gus  adalah org baik,, dan bisa membuat motifasi buat kami tentang agama dengan carah Gus mita.ğŸ’ªğŸ’ªğŸ’ªğŸ”¥ğŸ”¥ğŸ”¥"
522,522,Lapo nangis barang ngk jentelmen biasae ngablak ae
523,523,"Baru jdi staf presiden JD ga lulus ..  
Apa lagi jka bicara dakwah agama banyak yg kontrofersi....
Apakah anda bisa lulus di mata ALLAH....  
Wallahu aklam"
524,524,"Inilah nma gus/ustad. Jangan kan perkata,an bnar nya. Perkata,an buruk nya juga bisa ngangkat derajat nya orang tersebut. 
Mudah""an smua nya dpat hikmah nya . Dari yg baik mnjadi lebih baik. Dari yg buruk mnjadi baikğŸ™"
525,525,Katanya menghormati menghargai rakyat tetapi sampai bilang rakyat goblok apakah itu yang di katakan menghargai rakyat
526,526,Kesombongan menghancurkan segalanya
527,527,"Setiap ceramah mu aklak terlalu rendah ,meremah kn orang ,engk ada bezanya sama si bahar ,sama aja,,,,,"
528,528,Nk dakwah yg baik2 kyo gtu lelucon tok isine..
529,529,Ngak usah menangis gus.
530,530,Ente sih dr dulu dah kelaquan....ngomong gak di ayak......
531,531,Kadang mmg ga bisa tahan lisan  ni orang
532,532,Sabar gus...manusia tidak luput dari kesalahan semoga ada hikmahy..
533,533,ğ™’ğ™šğ™¨ ğ™œğ™–ğ™  ğ™ªğ™¨ğ™–ğ™ ğ™œğ™–ğ™¬ğ™š ğ™™ğ™§ğ™–ğ™¢ğ™– ğ™ ğ™¤ğ™®ğ™¤ğ™  ğ™¨ğ™ ğ™£ğ™šğ™©ğ™§ğ™¤ğ™£ ğ™¬ğ™–ğ™š  ğ™£ğ™–ğ™£ğ™œğ™ğ™¨ ğ™—ğ™–ğ™§ğ™–ğ™£ğ™œ
534,534,Ya gitu dong lebih baik mundur terhormat dari pada bertahan nanti rakyat tambah muak melihatnya
535,535,"Jgn bawa dalil agama krna anda tau agama Tapi ucapanya ga mencerminkan agama,... ğŸ˜‚ğŸ˜‚ğŸ˜‚"
536,536,La ngeneki coba. Pie hti nuraninya pa sunami trhdp Gus miftah. Krna gara2 Gus miftah sampean jd banjir rejeki. Trima kasihmu sm Gus miftah mana pa sunami. Jgn diam aja lo udh bnjr rejeki gra2 Gus miftah.
537,537,"Gus aku pisohano  ben oleh duwet akeh... Ambil hikmahnya
 tukang es dpat rejeki bnyak perantara gus miftah.. Allah ngasih rejeki jalan nya lewat ini. Semangat gus."
538,538,gus dikerubungi lalat gus mungkin belum mandi gus maaf gus guyon
539,539,Dengan kejadian ini semoga menjadi pribadi yang lebih baik dan bertutur kata dengan baik dalam berdakwah
540,540,Itulah jaga lisan ..  jgn ngerendahin org sembarangn.. Allah Angkat derajat manusia g tanggung2 .. langsung melesat
541,541,Kebanyakan dalil sok ndalili.. percuillll ciiiuuk
542,542,ojo nangis mas jabatan yg paling utama yg tidak menghina orang lain itu jabatan kekal
543,543,Menangis karna ditekan suruh mundurğŸ˜‚ğŸ˜‚ğŸ˜‚ğŸ˜‚ğŸ˜‚
544,544,Mudah2an Gus Miftah Selalu di Berkahi semua  aktipitasnya oleh Alloh AminğŸ¤²ğŸ¤²ğŸ’ªğŸ’ª
545,545,Baguss lah klo mundur
546,546,Tuh yg di samping kiri kanan Gus Miftah yg tertawa terbahak bahak suruh minta maaf juga.
547,547,Syukur lah kalo sadar diri
548,548,"Kalo aku sih ""YES"""
549,549,"Ambil pelajaran n hikmah dari kejadian ini..buat kita semua.""
Dan Klu Allah Swt menghendaki semuanya bisa terjadi...."
550,550,Lidah licin bawa berkah penjual es teh amin....  Dan bawa aib utk diri sendiri ğŸ˜…
551,551,"Jadilah ulama yang berakhlak mulia biar jadi panutan,"
552,552,"Skrng bkn Gus lagi, Gus itu asli keturunan dr kiyai..jadi skrng kembali ke pengaturan awal, TA'IM"
553,553,Alhamdulillah sadar !!!???.
554,554,Gayamu sok sok an mewek
555,555,hmmm....gus gus MIFTAH sudah semakin tenar tenar tenar.....malah mencacat orang dengan omongannya yang menyakiti hati dengan penjual minuman......bikin semua gregetan sebagai seorang ustad tersohor....malah mencacat sendiri atas omongan yang hina rakyat bawah...... CACAT SEKALI BISA CACAT SEUMUR HIDUP LHOO USTAD...... usahakan Gus Miftah perbaiki lah perlakuannya seperti awal2 merintis ketenarannya.....
556,556,Makanya jangan jorok klau ngomong gus.sekarang klihatan kalau cengeng
557,557,"Bagusssss lebih baik mundurrr
Karena gusss
Masihhh jauhhh belum layakkkk
Ilmu dan Adam nya...masih rendahhh"
558,558,"Lebih hormat mengundurkan diri dari pada dapat surat suruh mengundurkan diri ,,lebih baik sadar dari pada di sadarkan ,,,dan ingat murka Allah lebih penting kita pertimbangkan daripada jabatan"
559,559,"Kog nangis ....gak mentang2 spt saat ngata ngatai penjual es teh yg lalu...bagus mengundurkan diri saja...bagus.
Dari marginal lupa aslinya ...saat ngata ngatai penjual es teh..
."
560,560,Ngocehhhh trussss kamu mitta uda salah âŒ y salah   jdi orang jgn smbong
561,561,"Alhmdllh mundur.. Rugi saya bayar pajak buat ngegaji pejabat kaya lu miftha .. Baru sebulan di lantik , bukannya melayani ke masyarakat, malah menghina masyarakat"
562,562,"Smoga saja ini buat contoh bagi mubalig  kiyai dan habib serta ustad    jngan sampay seperti ini 

Karna manusia dilahirkan ke dunia dalam keadaan telanjang. Pulangpun tlanjang.    Janda ada yg sempurna"
563,563,"Kita jgn bicara masalah pendapatan penjual estehnya dulu,dari mengenai ucapannya gusmiftah LBH dahulu,menurutku tsk selayaknya di ucapkan kata"""" kotor,/ merendahkan oranglain yg dgn sekelasnya toko agama,pemuka agama,justru gusmiftahlah yg kasih contoh terbaik di hadapan masyarakat/ lingkungan di sekitar..?"
564,564,"Gantle dan ksatria! Hanya Iblis jumawa yang tidak bisa meminta maaf dan memaafkan, seperti komentator-komentator nyinyir pada  konten ini."
565,565,â¤ gus miftah
566,566,Mending jadi warga biasa sederhana mas Miftah...salut aku semoga tetap jadi ustadz yg baik
567,567,Ngelawak wae ta'im pasti pas buat ente yg slengean
568,568,Ohhh iya ya kan kamu mundur karena keinginan tekanan yg kuat dari masyarakat indonesia ğŸ‡®ğŸ‡© atas semua tingkah lakumu mbah miftah ğŸ˜‚ğŸ˜ŠğŸ˜…
569,569,"Jadi kebelakangnya kalau mau bicara pikirÂ² dulu Gus jangan asal ngomong, andai korban nya orang Madura sudah habis kau Gus"
570,570,Sabar gus miftah.....?yg sabar ya.....setiap manusia tidak ada yg  sempurna
571,571,"Klo gue punya prinsip klo kt akan dihormati dan dihargai orang maka kt hotmatilah dn hargailah orang lain , yg tidak mengenal baik yg tinggi maupun yg rendah itu prinsip gue"
572,572,Semoga gus miftah mundur nya dr stap ke presiden mundur juga dr mihibin habib
573,573,Bener sampean sadar
574,574,"Lantas bagaimana manusia2 yg tidak ada henti2nya menghujat,  mengihina , merendah rendahkan Pak Jokowi dan Sekeluarganya hingga sekarang???

Apakah di biarkan begitu saja...
Atau perlukah di rujak habis2an."
575,575,"Inilah nama kehancuramu dus miftah jangan mentang""ustat terkenal lupa daratan"
576,576,Andai tukang ngakak itu tidak ada disitu mungkin tidak seheboh ini. Entah mengapa damage ngakak itu bikin geram netizen
577,577,Mulut mu adalah harimau mu dan ambil saja hikmah nya
578,578,Makanya kalau ceramah jangan cengegesan mulu.. akhirnya blunder .
579,579,Apakabar nya dengan orang yg tertawa nya oper yg di samping kanan kiri mbah miftah belum ada klarifikasi permohonan maaf nya
580,580,"Berhati2lah gus ,kehancuran mu pasti akan d tunggu oleh org2 yg selama ini kontra kpd pak Prabowo."
581,581,"Alhamdulillah...
Ini pelajaran buat kita semua"
582,582,Mkanja atiati bekerja ucapan darimulutkita adalah doa
583,583,Sebagai teladan buat kita semua....tiada yg sempurna kehilapn adalah guru klebihan adalah titipan allah
584,584,kapok Kuwi karmamu tat
585,585,"Semangat pk Gus Miftah, manusia gak ada yang sempurna,gak ada yg luput dari kesalahan pk Gus Miftah,"
586,586,1000 kebaikan TDK akan terlihat dgn 1 kesalahan semangat gus aku yakin pean orang baik
587,587,Ada sebab ada akibat.kita kembalikan pada diri kita  sendiri.(apa ini yg dinamakan qadho' dan qodar)..
588,588,"Diangkat derajadnya seseorang dapat terjadi karena adanya penghinaan atau pelecehan.... dan swseorang akan terhina dengan sehina hinanya adalah karena dirinya sendiri.
ğŸ˜¢"
589,589,Pintar dakwah   tapi mnghina orang  hadeeeeeh.   Ilmu agamanya tunggu selangit.   Tapi ga punya ahlak dan adab
590,590,"PANTAS MIFTHA MAULANA DI BERI HUKUMAN FISIK KARENA MEMPERMALUKAN PEMERINTAH SAAT INI, PURA-2 LAGI ORANGNYA BERIMAN ğŸ˜…ğŸ˜…ğŸ˜…"
591,591,Ini lah yg pepatah bilang mulut mu adalah harimaumu mk hati 2 gunakan mulut mu
592,592,Mundur jaohÂ²  boss
593,593,"Inilah yg bukti dari kata2 Nasehat,
Mulutmu adalah harimaumu...
Semoga jd pembelajaran berharga utk kita semua."
594,594,"Sabar aja semua itu kehendak yg maha kuasa yg penting kita merasa bersalah dg kesalahan tanpa di sengaja .orang ga ada yg sempurna .kita semua ga usah menghujat dg kesalahan TPI harus belajar dari kesalahan.
Omongan salah KL jd berkah sama orang yg kena ledekan yg penting yg di ledek dan terhina kan ga merasa apa2 .apa lgh ke jadian ini jd hikmah dan berkah orang itu jd Ter angkat harkat derajat nya amiin."
595,595,"Inilah akibat org usil 
Vidio lama di putar kembali 
Buat bg Gus Miftah bersabar 
Ulah ulah org iri dengki .di balik semua inih"
596,596,Di negeri ini sdh terlalu banyak Gus Gus palsu yg meninggikan drajatnya sendiri
597,597,"ALHAMDULILLAH bang kau sadar..MULUTMU ADALAH HARIMAU'MU bang,,apa yang KAU TANAM ITU,YANG KAU TUAI...
(JANGAN SUDAH MERASA KITA MEMILIKI SEGALANYA DAN APA YANG KITA INGINKAN PASTI ADA,,JANGAN SEKALIPUN KITA MERENDAHKAN DERAJAT ORANG YANG TIDAK PUNYA(TIDAK MAMPU)"
598,598,Jangan nangislah klo berjiwa besar
599,599,"Gus miftah orang baik,dia sudah tau sebelumnya,dia memang senggaja menghina bapak penjual es teh,supaya jadi viral bapak jual es teh jadi orang terkenal buktinya nyata jadi kebenaran,buat bpk penjual es teh seharusnya berterima kasih banyak dan memaafkan gus miftahâ¤â¤â¤ğŸ™ğŸ‘"
600,600,Hore mifta mundur
601,601,"Ko nangis, kamu laki-laki kan."
602,602,Yes.....!!!!!!!!!!!!! ...akhirnya......
603,603,"Mohon maaf sebelumnya, bisa kita mabil hikmah dari setiap kejadian ini, mungkin Allah SWT  mengangkat derajat seorang bapak sunhaji melalui seorang ustadz Miftah, dan hal ini menjadikan sebuah pembelajaran untuk ustadz Miftah dan untuk kita semua dalam segi perkataan atau prilaku, ğŸ™ğŸ™ğŸ™"
604,604,Mana2 pejabat yg suka mengecil ngecilkan@menghina warga sipil selepas ini kena berani buat tindakn yg sama dgn Gus Miftah..jgn udah salah mcm2 alasan pula untuk pertahan jawatan..berani bt berani tanggung...baru gentle
605,605,"Percuma punya gelar agama atau gelar pendidikan, percuma paham agama klu TIDAK PUNYA AHLAK /Adab, actitute....
Seorang pabrik figur hrs nya memberi contoh yg baik tutur kata prilaku bahasa... Ingt semua hanya bersifat sementara dan titipan. KUN FAYAKUN. .. 
Klu kata2 goblok di sampaikan kepada para koruptor, pejabat nakal, para penjilat itu baru pas....
Doa orng terzolimi lbh d dengar oleh Allah, silahkn buktikan, hancur wibawa anda..."
606,606,Semoga dapat di contoh oleh para pejabat yg lain sikap legowo mau melepaskan jabatan nya jika terbukti tidak layak lgi untuk menjabat sebuah jabatan ğŸ‘ğŸ‘ğŸ‘
607,607,Lebih baik begitu. Biar jadi contoh aparat negara lainya. Semangat Gus...
608,608,Ya dri pada di pecat... Mengatasnamakan mundur
609,609,Bak pitatah ..mulutmu harimaumu...yg akan menerkammu..
610,610,Anda mencoret nama anda sediri mencoreng muka dengan kata g......mu
611,611,"Lebih baik mengundurkan diri dari jabatan, pendakwah dan juga jangan menangis apa dihati ada penyesalan tuk meninggalkan..?"
612,612,Ambil hikmahnya. Bisa ditiru oleh pejabat atau siapapun atas perbuatannya
613,613,â¤
614,614,"Sy suka Gus Miftah tdk munafik, ceramah di mana saja"
615,615,Aku ngga mudeng dg sgl alasannya. Makin banyak bicara makin kurang simpati. Sudahlah yg penting banyak2 lah bermuhasabah
616,616,"Sayang ya,. GUS Jabatan terhormat yg dipercayakan utk lkut membangun Bangsa dan Negara cuma seumur jagungğŸ™"
617,617,Setingkat ustadz Ojo olok olok lah olok olok itu di larang oleh agama
618,618,"Mohon maaf bukan sama manusia manusia ga bisa apa apa mohon maaf dan ampun kepada ALLAH ,mudah 2 ujian ini menjadi lebih baik lagi dan berakhlak kepada muslim yang miskin ilmu."
619,619,"Betul Gus,punya da,wah masing "" karakter berbeda"
620,620,Ya mau ga mau harus bgtu..pk agus..ibarat org lg jalan kepleset pk..buat yg lain sebagai panutan agama..jaga lisan anda..MULUT MU ADALAH HARIMAUMU..
621,621,"Sabar .Gus sabar 
Inih haya cobaan 
Org org di blkang sampean 
Masi bisa memaklumi 
Manusia tempat y salah dan khilap"
622,622,Jadikan semuanya pelajaran dn pengalaman.hidup  serta berusaha menjadi lebih baik..
623,623,"Kami tidak Perlu Dakwah mu,
Jijik mendengar nya, 
Lebih baik Jaul Teh Manis, masih ada Rasa.
Percuma Jual Agama, tidak punya Rasa. ğŸ˜¢ğŸ˜¢ğŸ˜…ğŸ˜…"
624,624,Asalamualaikum gus alloh maha pengasih dan peyanyang manusiya tida luput dari semuda kesalahan
625,625,Fyp gus sampe luar negri gus hebat anda...
626,626,"Mundur sja itu lebih bagus,pintar aja baca firman Allah tpi ga bisa jg mulut,saya sangat bersyukur klo anda mundur"
627,627,Ngak PP Mundur mas gondrong.....walaupun ....punya ilmu tinggi jgn rendahkan orang lain...biasa saja ngk usah nangis...waktu modohkan orang kok ketawa
628,628,Jangan buka2 ayat gus udh ngk pantas
629,629,"Ngomong apa gus, lain cerita mu"
630,630,"Menurut saya setiap orang ada kesalahannya, jika Gus Miftah orang baik ada kesalahan kita harus memaafkannya"
631,631,"Assalamualaikum,masa Allah,ini lah sosok penceramah +stapsus presiden,, yang dmn di saat berceramah guyonan nyah tak sengaja lukai hati orang lain,mohon maaf dn mundurkan diri ,Tampa keterpaksaan orang lain,, saya amat sangat kagum dengan,ustad Yusnita,atas kerendahan hati ustad,  ğŸ™ğŸ™mohon ,,,berbeda dengan penceramah yng lain , mengkritik menyinggung dn hina ,,merasa orang yang paling suci,,semoga Allah SWT memberikan kesehatan dan selalu dlm lindungan Allah SWT aminğŸ¤²ğŸ¤²â¤ï¸"
632,632,"Betull..
Banyak hikmahx bagi BPK penjual es itu karena nasibx berubah total karna kata kata Gus miftahğŸ˜Š"
633,633,Gus miftah berjiwa besar..hanya Allah yg maha memiliki kesempurnaan..Allohu Akbar.
634,634,Rezeki urusan ALLOH bukan ustad bukan gus gus bukan bro bayangkan kalo yg di bilang goblok bapa lu gmna sakit hati gak
635,635,Salut buat gus Miftah jentel man sejati berjuang bukan karena jabatan tapi berjuang ikhlas karena agama .
636,636,Mulutmu harimaumu..ambil hikmahnya
637,637,Tampang jauh dari ulama.  dia sendiri pernah bilang di pondok hamya penjaga kandang ayam.
638,638,Freeetttt tisu mana tisuuuu
639,639,Alhamdulillah ya Allah akhir nya apa yg di inginkan masyarakat indonesia terjadi hari ini ğŸ¤²ğŸ¤²ğŸ¤² ... Semoga mendapatkan pengganti yg lebih baik lgi yg mempunyai ADAB dan etika sebagai pejabat pelayan masyarakat ... ğŸ’ªğŸ’ªğŸ’ª
640,640,JUAL ES TEH AJA MIFTAH... JGN SOK TAU AGAMA.. ALLAH BUKA KEDOKMU..
641,641,"Sejarah baru di Indonesia* gara2 kalimat Gus Miftah, hikmahnya membawa Rezeki yg luar biasa buat penjual Es teh adlh sebuah Anugerah kemuliaan yg tertinggi,  krna baru kali ini rakyat biasa seorang Gus Miftah BS lsg di percaya oleh seorang presiden RI, pdhal spjg Indonesia merdeka blm ada, ambil hikmahnya utk saudaraku di tanah air,"
642,642,"Gentleman, semoga dikuti pejabarÂ²  yg salah atau korup"
643,643,"Suka"" kamu ...mundur ia tak mundur pun ia ."
644,644,"Makanya jangan arogan ,"
645,645,Yang tertawa terbahak-bahak macam mau lompat sebelah kanan Gus Miftah itu parah juga
646,646,"Alhamdulillah, kalau sadar diri"
647,647,kok bisaÂ²nya masih gak mau mengakui bhwa  kamu di pecat itu atas permintaan seluruh rakyat indonesia
648,648,Ganti sama TGB..baru mantaap..
649,649,"Bukan Soal Ratusan Juta,,Ini Msalah Akhlak dari seorang Ulama Yang Tidak sepatutnya Mengeluarkan Kalimat Kotor,Mulutmu HarimauMu"
650,650,"Betul Gus,punya da,wah masing "" karakter berbeda"
651,651,Baguuus MUNDUR ajja udah. (TiTiK)
652,652,"Ketika amanah kita lebih besar lebih berat dan jadi panutan umat. alangkah lebih baiknya kita lebih menjaga lisan.
Karna lisan bisa menaikkan derajat kita dan juga bisa menjatuhkan kita.
 Semoga kita bs menjadi manusia yg slalu introspeksi diri.  Dan berhati2 dalam berucap"
653,653,Mulutmu adalah harimaumu.
654,654,Gitu dong...lebih di jaga lisanmu...lidah itu lebih tajam dari pedang .
655,655,Keputusan itu karna di suruh presiden parabowo..pastinya..ğŸ˜…
656,656,"Bukan pertama kali gus miftah menghina penjual es teh..
Ini karena viral saja dia mau minta maaf"
657,657,DRAMA yg.sangat membagong kan.
658,658,"Baguuus bangeet, dari pd membawa nama presiden dan syiear islam tercemar oleh orang islam yg arogannn kaya habib no  rusak ajaran Islammm dari Nabi SAW.."
659,659,Miftaj terlalu banyak komen singkat saja jelas dan padat tak perlu penjelsan
660,660,Jadikan  pembelajaran kita semua ambil hikmahnya
661,661,"Pembelajaran ke depan mnjd lbh baik, tetep semangat ğŸ’ªğŸ‘Œ"
662,662,Kadang manusia lupa kalo lagi diatas
663,663,"Diambil hikmahnya Gus, Semoga dg kejadian ini bisa menjadi pribadi yang lebih santun. Allah menegur anda lewat Bapak penjual Es Teh, karena dg kejadian ini.... Akhirnya anda sadar jika selama ini perkataan yang anda anggap sepele, ternyata banyak menyakiti hati orang lain"
664,664,Mundur saja nggk ad gunanya
665,665,Kali ini saya respek kepada Anda Gus Miftah
666,666,Diangkat derajat anda miftah tapi lupa diri karna jabatan dan tenar menjatuhkan derajat pedagang kecil ....anda miftah meredahkan org hari ini anda berbalik yg direndahkan
667,667,Beliau di pecat olh pak prabowo tp bilangnya mundur dg tujuan menutupi rasa malu karna pemecatan itu.
668,668,Nangisi opo gus
669,669,"Lebih baik mundur lach gus, dari pada lisan mu tidak bisa dijaga etika nya terhadap wong cilek.
Habis mundur terus jualan es teh aja gus."
670,670,Gua ga butuh gombalan lu bro
671,671,SUDAH TERLAMBAT KANG UNTUK MEYESAL PERBUATAN  MU
672,672,"Tepat sekali karna itu memang gak tepat kalau buat orang yg tidak tepat, mungkin lebih terhormat kalau mengundurkan diri saja."
673,673,"Alhamdulila Gus , kembali ke Pitra, manusia smoga di ridhoi Allah SWT,"
674,674,"Si Miftah anda terlalu sombong
Karna posisi lagi di atas
Liat kebawah yg lain kecil
Tidak kontrol diri.. 
Lupa diri lupa daratan"
675,675,Kuasa Allah swt itu benar adanya. Jangan menghina orang lemah  krn mereka doanya tembus kelangit tanpa ada halangan
676,676,"joooos,,,,kiyai gk pantes di anut...gk punya adab suka merendah kan orang.ğŸ˜…ğŸ˜…ğŸ˜…"
677,677,ganti habib jafar nih mantap
678,678,"Yayaya..? Jiwa kesatria Gus .
Gk ada perlu vidio... Model gini"
679,679,Bagus dan sempurnakan dulu jiwanya karena kekhilafan yg berulang ulang itu adalah penyakit
680,680,"Yayaya..? Jiwa kesatria Gus .
Gk ada perlu vidio... Model gini"
681,681,Mudah mudahan ada pekerjaan yg lebih baik ya pak Gus jgn bercanda sama pedagang yg lebih tua semangat Gus Miftah
682,682,"akui kesalahanmu,itu smua ulah kamu semata,kamu cocoknya membanyol,kamu gak patut jadi pendakwah,kalau sudah begini silahkan kamu tertawa spuas puasnya"
683,683,"Yayaya..? Jiwa kesatria Gus .
Gk ada perlu vidio... Model gini"
684,684,Skalian sama orang2 yg disekeliling Gus miftah
685,685,Bisa dicontoh pejabat yg lain  termasuk yg korupsi mundur
686,686,"Mudur alon2 lebih baik dari pada mudur lompat,yang jelas pada hikmah nya ,ke bapak penjual es , rendah di mata manusia tinggi di mata Allah,sakit kalu jdi anak orang tua di buat kaya gini ğŸ˜­ğŸ˜­ğŸ˜­"
687,687,Prilaku dan titut itu perlu
688,688,Tak layak lo jadi seorang penceramah karna tak sesuai dgn ucapanmu banyak belajar lagi ya... Salamatul insan bihifdil lisan ingat itu
689,689,Hilaf nya orang Alim masih membawa keberkahan pada orang lain
690,690,"Jgn bicara  Allah , ustad apaan itu, menghina wong cilik, 
 Belajar dulu lu ilmu tauhid 100tahun lgi baru lu jdi ustad,"
691,691,Syukurlah jika Gus menyadari nya
692,692,Prilaku dan titut itu perlu
693,693,Jempol buat gus miftah yg ga membela diri atau mencari pembenaran mengakui kesalahan dan kekeliruanya insyaallah Allah akan memaafkannya karrna semua sudah kehendaknya
694,694,Beda dengan  pemilik akun fufu fafa ya.
695,695,"kedepan lebih hati2 dalam berucap Kang Gus, apalagi sbg pendakwah, bahkan Kanjeng Nabi saja santun dalam menyebarkan agama Islam suri tauladan yang baik"
696,696,"Kasian bener bapak mini ğŸ˜­ aku sedih pak liatnya  ğŸ˜­

 Betul itu pak Kebeneran itu milik Allah"
697,697,Hahaha.. Ogah banget semangati orang sombong.. Salam dari banten
698,698,Bapak gus saya banhgga dengan  engkau.karna allah mengangkat drajat tukang es melalui engkau.engkau tidak bersalah.....justru saya bangga dengan engkau....inilah indahnya islam....amin
699,699,Sudah pantas mundur !!! Yang pantas Abdul Somad n Adi Hidayat keduanya pandaiÂ² dan Istiqomah !!!
700,700,Lebih baik mundur dari pada bikin malu.ğŸ‰ğŸ‰ğŸ‰ğŸ‰
701,701,"mungkin itu sudah takdirmu gus,"
702,702,Udah keenakan menghina sesama manusia...makanya ke bablasan alias rem bloong...semoga menjadi pelajaran buatmu Miftah...
703,703,Saya mengundurkan diri karena ada tekanan bro
704,704,Sebelum di lengserkan Akir nya mengundurkan diri
705,705,Kuwalat kamu.gus
706,706,Benar sekali presiden pak Prabowo mundur dari staf khusus Gus mifta presiden pak Prabowo Indonesia mantap jos yes ğŸ‘ğŸ‡®ğŸ‡©â¤ï¸ğŸ‡®ğŸ‡©ğŸ’ª
707,707,ok
708,708,GAYA MU GuS  GuS   (. Dasar  jongos  habib )
709,709,Hahahaj kamoklase saja kata mengundurkan diri yg mungkin sdh dpt bocoran bakalan dipecat.karna tdk mau malu yakh secepatnya mengundurkan diri hahaha biar terkesan kesatria ğŸ˜‚
710,710,"Akhirnya...preman diskotik dgn sadar diri mundur juga,,,alih"" tersedu,,,lalu gmna perihnya tukang es yg direndahkan dimuka ribuan manusia ???? 
Air matamu hanya sesaat...gmna dgn air mata tukang es yg mencari nafkah halal yg kamu rendahkan emmm????"
711,711,"Gara"" sombong ya gusğŸ˜‚"
712,712,Cukur Rambutmu Miftah...kaya Pereman pasar aja....gue lihat usraz di Indonesia baru kali ini lihat ustaz gondrong ..
713,713,Yayaya.. nm
714,714,Alhamdulillah sekarang bang gusmitftah jd wong cilik lg..
715,715,"Ikut sedih gus,sy ngepens banget dr awal da,wah"
716,716,Setau saya orang baik apalagi sudah dipanggil ustas itu biasanya tutur sapanya lembut dn sabar...maaf apakah itu tangis kepalsuan tidak menyentuh hati
717,717,Iya lah harus mudur ngga menyontoh yang Baek ğŸ¤­
718,718,"dia sambil baca karangannya ya, kalau bgtu bukan ucapan dari hatinya,"
719,719,Alhamdulillah. Allah telah memperlihatkan kekuasaan Nya.
720,720,Engkau berhati mulia saya yakin itu. Lanjutkan perjuangan mu doaku mohon kepada allah selmat dunia aherat
721,721,Mf gus krna smpean udah nandur kta yg sllu menyakitkan hti orng2 yg ingin bljar sma anda mlh smpean bnyak kta2 yg bkin orng skit hati hri ini smpean menen hasil dari buatan smpean sndri mf gus sllu banyak istifar smga ini jdi pljran buat kita smua
722,722,Itu jiwa kesatriya bisa mengakui kesalahanya cubo yg koropsi pasti gk berani ğŸ’ªğŸ‘ğŸ‘
723,723,Nggak usah begitu yang penting kmu tanggung jawab nanti di akerat bersama kru mu yang ngakak ketawanya sebagai kayu vakar neraka itu yaa ustad macam gini nih rasakan nanyi balasan dari Slloh yang maha dah syaat
724,724,Cocok jadi anggota ketoprak humor
725,725,Lucu ni murah berkah....
726,726,"Kemaren ketawa,sekarang mewek"
727,727,"Semangat gus, orang yg benci yg menghujat ini itu, manusia ada hilapnya,"
728,728,Benar sekali presiden pak prabowo mundur staf khusus Gus mifta presiden pak Prabowo Indonesia mantap jos yes ğŸ‘ğŸ‡®ğŸ‡©â¤ï¸ğŸ‡®ğŸ‡©ğŸ’ª
729,729,"nah gitu dong miftah mundur jadi utusan presiden daripada di pecat, karena msh bnyk ustad yg lebih baik."
730,730,Ngapain nangis itu kan kesalahan lo sendiri makanya kalo ngomong hati2 ap lagi lo bisa ngomongin orang lain nasehati orang lain tp ucapanmu sangat buruk sekali
731,731,"Bisa di contoh sifat kesatria nya, semoga jadi contoh buat para pejabat yang 
..."
732,732,"ALHAMDULILLAH, PEMBULI WONG MELARAT MENGUNDURKAN DIRI, GUSTI ALLAH MBOTEN SARE"
733,733,mtak na ulah sa ucap2 na lmun lain ucapeunana...........
734,734,bagus dh lu mundur. sblm dipecat
735,735,Tuh buat contoh yg lain...
736,736,Butuh waktu ingin dihargai dihormati sesama jangan mentang2 dipercaya presiden ya yg bisa menunjukan
737,737,CERAMAHNYA  JUGA MUNDUR   JUGA  agar kata  tidak beradab tidak menular
738,738,Jgn nangis gus air mata loh buaya mngkanye jngn loh tggiin ilmu tapi adab jg
739,739,Hore... Hore.. Hore... Hahaha.... WkwkwkğŸ˜…
740,740,Dimanapun dan kepada siapapun..jagalah lisanmu..ini contoh.
741,741,Benar sekali presiden pak Prabowo mundur staf khusus presiden pak Prabowo mantap jos yes ğŸ‘ğŸ‡®ğŸ‡©â¤ï¸ğŸ‡®ğŸ‡©ğŸ’ª
742,742,"Pada cekak pikiranya..! Itu hanya dibilang ""GOBLOK "" dari lisan yg selalu baik, penjual ' S ' bisa kejatuhan rezeki.MasyaAlloh. Coba yg bilang pendakwa yg mulutnya sering caci maki yg kotor bilang 'Gobllok ' ada yg ngajak UMROH...??  Saya yakin itu reflek dan candaan. Sdh minta maaf itu sdh luar bisa. PADA CEKAK PIKIRANYA.PADA EGO. Bukanya sy  membela Gus Mifta."
743,743,Makanya jangan asal-asalan ngomong... introspeksi diri
744,744,"mendingan jadi pelawak itu malah cocok,gak usah berlagak pake nangisÂ² sgala,gak usah exting"
745,745,"Bukan kesadarn loh gus tapi dh bnyak masyarakat supaya loh d pecat sm pak Prabowo,bisa aj loh komentar"
746,746,Jiwa satria yg perlu d contoh
747,747,Hahahaha pan nangis miptah kmu bkn pecramah tpi tukang obat keliling mip
748,748,ceramah gx berpaedah
749,749,syukur dah tenang ğŸ˜¢ğŸ˜¢ğŸ˜¢
750,750,"Semangat Gus jabatan jangan di tangisi,jadi pendakwah yg ikhlas lebih mulia di hadapan Allah"
751,751,Mewek
752,752,"Penyesalan itu datang diakhir,dan rasa bersalah itu kita anggap suatu dosa, semoga kejadian ini tidak terulang lagi untuk Gus Gus yang lain,karena sejatinya semua makhluk adalah sama,tiada berbeda,dan tidak ada yang bisa membedakan,ingat Alloh maha penyayang untuk semua umat dan hambanya!!!"
753,753,"Menangis krn dapat tekanan yağŸ˜‚ğŸ¤£ 
Menangis krn mundur jabatan yağŸ˜‚ğŸ¤£

Intinya gila jabatanğŸ˜‚ğŸ¤£
Gk sebanding kamu ngomong pelecehan ke orang sekarang menangisğŸ˜‚ğŸ¤£


Bagus lah klo miftah mundur ğŸ˜‚ğŸ¤£"
754,754,"Salahe Gus Miftah saja manfaat untuk orang lain.

 Apalagi benere...
Saya tahu Gus Miftah itu kasar.  Tapi Gus Miftah itu orang yg menyanyangi orang lain..juga sangat menghormati isterinya. Maka rezekinya lancar"
755,755,Mungkin Alloh juga memaaf kan masa sesama manudia tdk memaaf kan ssmpei hrs undur diri
756,756,Ngono ko nangis? Garangnya mulutmu kepada orang lemah seperti penjual es waktu itu.. Sekarang nangis
757,757,Loe enggak pantas jadi kyai  loe itu bisanya menghina pedagang kecil
758,758,Jngn nangis dong jantan jantan.dong.ko nangis sih..malu lah.
759,759,"Udah biasa hina orang bukan kecoplosan itu, bagus lah dia mundur"
760,760,Demi  Indonesia maju
761,761,NgapIn menangis?
762,762,"alah gk usah berdalil,kenyataannya mulut kamu kotor,tingkah lakumu menjijikkan"
763,763,"Syukurlah kl anda sadar diri, untuk mengundurkan diri"
764,764,Preeeeeeeeettttttttt
765,765,Ah sku mah tdk setuju
766,766,Sabar bos inggat tihan.
767,767,Ngajari ADAB ga iso nglakoni gus gus sedih aku GUS
768,768,Ngaku hilap setiap ceramah maki org lain kapan membuat benar sama bangsa indonesiağŸ˜ŠğŸ˜…
769,769,Kalau dinilai dr kaca mata hakikat Gus Miftah ya ga salah  Krn dibuat alat atau lantaran utk mengangkat derajat si penjual es
770,770,diambil hikmahnya di lihat dari segala sisi sudut pandang mungkin sudah takdir dan kehendak Alloh SWT untuk mengakat derajatnya bapak Sunhaji dg cara menhadiri acara Mas Miftah..
771,771,Alhamdulillah...
772,772,Tertekan ni ya ğŸ˜‚
773,773,"Viral ucapan kontroversi, tepatkah Gus Miftah mundur???"
774,774,"Gus Miftah manusia yg gak beradab,dasar munafik"
775,775,Seharus nya tdk hrs mundur nama nya juga mnusia gus juga mnusia ga sampei segituh nya
776,776,Mangkanya ngaji rasa gus.. Mulut mu adalah harimau mu
777,777,Ceramah gus sudah tak ada maknanya lg buat malu gus2 saja bagus kau undur Kerna tak layak kau bergelar gus
778,778,Mantap
779,779,"Syukurlah kalau sadar diri,"
780,780,"Bagus jika mundur, buat malu aja sebagai ustadz"
781,781,Ga usah nangis lah g ad guna y g tau diri ustad ko koyo ngene
782,782,"Nangis di buat2 ,,sombong si u asal ceramah saya mau di angkat jadi Mentri agama sama Prabowo saya tolak,,skrng mlh ancur KRNA kesombongan"
783,783,Amin yang sabar Pak ustazd mungkin Allah berkehendak lain semoga Gus selalu di beri hidayah.
784,784,"BAHAHAHA,MANTAP"
785,785,"smua manusia py kekurangan bs hilaf,  yg comen jgn byk bacot"
786,786,Itu baru bener mas gusssss.
787,787,Ya bagus la kau mundur
788,788,Nagis darah pun aku tak kasian mulut pedas lagi menjabat
789,789,Jd kan prlajaran pengalaman ok
790,790,Sangat ksatria ..semangat GUS MIFTAH
791,791,Mulutmu adalah harimaumu
792,792,Percayalah ALLAH bersama kita gus ..â¤â¤
793,793,Mk ya gus walau sudah di atas tetap andap angsor adap itu jauh lebih penting dr pada ilmu  orang yg beradap sudah pasti berilmu sekarang bnyk orang yg berilmu pinter tp adap ya salah kaprah semoga kedepan ya bs berubah menjadi lebih baik lg gus miftah
794,794,"Emange kudune Kya kwe ,,,,"
795,795,Ngapain pakek nanges barang cengeng ter nyata kau
796,796,Isigfar kau .jangan ngejek orang menghina orang.jangan nangis.itu ulah kau
797,797,Anak SD juga bisa klo baca artinya..
798,798,Syukur dah kalau mundur...
799,799,"Bagus,.... Banyak yg lain pak, yg lebih pantas."
800,800,Allhamdulillah...... 1 orang munafik sudah mulai... Sadar sedikit...
801,801,Dungo dinungo Gus Miftah....!!!!
802,802,"Ke presiden minta maafnya sambil nangis, ke penjual es minta maafnya sambil bercanda"
803,803,Oalah Gus Miftah. ????? Yg sabar. Kita ambil hikmah nya Gus. Mungkin Alloh beri cobaan pada Gus. Semoga gus.semiga Gus legowo. Dan di angkat drajatnya oleh Alloh. ....yg udah ya udah Gus. Kita ke depan jalan ber hati hati. Gih Gus?
804,804,Semangat gus'manusia tidak ada yang sempurna ğŸ”¥ğŸ”¥ğŸ”¥ğŸ”¥
805,805,Luar biasa hebat..Gus Miftah hebat ..rendah hati..perlu dicontohi
806,806,Gampang loh komentar .......tpi jalani pada dri kita sendiri itu susah.
807,807,Baguslah
808,808,Cuba di ambil hikmahnya ..kalau gk gara gara gus mitfah penjual es teh gk mungkin dapet ratusan juta ...
809,809,"Ustad sama kyai dikampung saya lebih beradap dan sopan dari segi lisan dan bahasa, tidak seperti sampean Gus"" menurut saya blm pantas sampean jdi tokoh agama yg selalu ceramah dmn2 tapi prilaku anda sangat merendahkan orang lain dan menghina orang"" terlepas dari itu sama jah kau menghina ciptaan Gusti ALLAH SWT,, salam santun dari saya rakyat biasa yg tinggal di pagentongan Bogor Tubagus mama falaq ğŸ™ğŸ™ğŸ™"
810,810,etika sopan santun totokromo rak njih kedah di agem to mas Miftah nopo maleh panjenengan meniko panutan..
811,811,Kualat
812,812,"Yg dikutip ayat ttg jabatan. Kenapa ga hadist ""Berkata yg baik, atau diam""?? ğŸ˜…"
813,813,"Kalau perlu jangan ceramah lagi,, merusak banyak orang"
814,814,Adab LBH tinggi tingkatan nya di atas ilmu. Adab GK ber ilmu. Ya kurang lengkap.ap lagi ber ilmu gak ber adab. Eman lah........
815,815,Yo pancen kudu sadar.
816,816,Baca ayat Alquran nya bukan baca artinya.... Katanya Miftah kiyai.....kalau baca artinya anak SD juga bisa. Kalau Miftah gak bisa baca Qur'an suruh yg di samping ente yg ikut tertawa ngakak yg katanya dia juga kiai yang punya pesantren. Ente bukan pendakwah agama tapi ente menjual agama
817,817,Memang Lidah tdk bertulang .
818,818,"Bagus kalo mengundurkan diri...berarti anda tau diri..
Setelah ini usman ali yg harus diusut, TERTAWANYA SANGAT MELECEHKAN SEKALI."
819,819,Lantaran gus miftah . Bpk si bkul es ky mendadak . Donasi datang dr penjuru yutuber.
820,820,Kapok ğŸ¤£
821,821,Mungkin Gus Miftah hilaf . Manusia ada hilafnya. Maka kalo toh kebanyakan gurau. .kbanyakan kepricut omong.apalagi seorang da'i. Kan seharusnya hati hati dan penuh tatakrana pada siapapun. Bgtu mnurun aku
822,822,Alhamdulillah .... sipreman diskotik imi mundur juga..
823,823,Ngapain nangis
824,824,Bagus lah
825,825,Alhamdulillah... ustadz2 ga jelas mulai Alloh buka aib2nya
826,826,Tangisan biawak
