,Unnamed: 0.1,Unnamed: 0,comment
0,0,0,contoh ini juga berlaku bt kkuargaku agar tidak berkata yg menyakitkan walaupun hanya bercsnda apa lg sm orang kecil yg hanya cari uang untuk mkn agar tidak meremehkan
1,1,1,orangnya aja keliatan agamais tpi tak pandai beragama ceramah nya bikin orang sadar tapi tak pandai menceramahi diri sendiri
2,2,2,emang gus miftah salah tp karna  si penjual esteh nya aja lebay suruh siapa waktu diceramahin mondar mandir nganggu ketenangan kalo jualan mbok diam dipinggir atau gimana kek yg tanpa mengganggu
3,3,3,kenapa sewaktu ceramah gak sprti ini gusorg psti makin suka dgn gaya seperti ini
4,4,4,ibarat nasi sudah jadi bubur
5,5,5,jayalah netizen  akhirnya bisa berhasil smoga ini awal kemenangan netizen yg ingin ikut serta memperbaiki negara agar semua kalangan segera berbenah diri menjadi lebih baik
6,6,6,stop omon2 stop gus miftah
7,7,7,iya klau gk gitu klau gk ngundurin diri klau gk ada perintah gk bklan ngundurin diri ya gitu merasa brslh   nyataklau ttp jdi jabatan hinaan mlh menjadi2dajal
8,8,8,tuhan maha besar
9,9,9,segera cepat mundur kau  sebelum presiden prabowo marah2
10,10,10,benarkah miftah  ada keturunan dari ponpes tegalsari ponorogo jadi  ingat kejadian  hari raya tahun  lalu ketika  reuni  keluarga bertempat di sebuah masjid di belakang  rumah kakek almarhumsejak kecil sering keluar masuk  masjid tersebut   dan di dinding samping kiri serambi  ada papan tulis  yg  memajang silsilah keluarga  si pendiri masjidselama ini tidak pernah tergoda  dg  tulisan di papan tulis  tapi hari raya  tahun lalu  jadi tergoda karena   komen anak  setelah membaca  tulisan di papan tulisdi situ  tertera silsilah keturunan sebagian  keluarga  wali songo  yg mengusik hati  di bagian  kanan  papan tulis  agak kebawah ada pesan  luar biasa   anjuran agar      keturunan  trah      keluarga tersebut       tetap  istiqomah       rendah hati         dilarang  adigang      adigung adiguno   jika      ada yang melanggar      pesan tersebut maka      sifat trah kewaliannya      akan hilang dg      sendirinyajika miftah betul ada darah keturunan  tegalsari  mungkin  kasus ini sebagai bentuk  akibat  sifatnya yg telah  menyimpang dari pesan   leluhurnya yg sangat    bagussemoga dg kejadian ini miftah  kembali  ke pesan leluhurnyaaamiin
11,11,11,saya adalah penggemar berat gus miftah kalau orang tidak paham dengan pidatonya pasti menyoroti jelek kalau saya sdh lebih 1 tahun mengikuti pidatonya gus miftah kalau saya tdk kaget dg isi pidatonya
12,12,12,bagus lh dari pada di pecat cara tidak hormat bagus lh klw sadar diri
13,13,13,alhamdulillah itu baru org yg tau agama langsung minta maaf dan menyadari kesalahan itu tdk mudah tapi krn agama mengajarkan demikian dan gus miftah jlnkan  itu gentlemen  dan ini mkn jln allah utk memberi contoh  dan sbg contoh awal bagi pejabat2 lainnya bila ada hal2 yg tdk pantas hrs berani mundur dan berani gentleman
14,14,14,gus2
15,15,15,2247 saat ia menelan ludah teringat saat pak son menelan ludah setelah dicela
16,16,16,pendakwah kog lambe ne bejat  pengunduran diri ambek nangis keno opo  ora usa nangis
17,17,17,iya mending begitu mundur aja tak layak seorang pendakwah berprilaku seperti hal hal yg terlihat atau pun yg tidak terlihatkarna ini ada di dlm kalangan publik
18,18,18,mendingan aagim tuh bisa mempertimbangkan bicaranya mana yng baik mana yng ga baik
19,19,19,mendingan aagim tuh bisa mempertimbangkan bicaranya mana yng baik mana yng ga baik
20,20,20,bangga jadi stap persiden langsung naek dadanya  setinggi langit  masya allah  amit amit
21,21,21,permintaan masyarakat lah  harus mundur kalo pengen ga hancur agama islam
22,22,22,ga perlu meninggalkan pesan rakyat kecil sudah ga mao denger kembali  kesalahan seorang pendakwa   ga semudah itu  memaafkan nya  jadi dukun aja dah munkin lebih baik   ga mampuh enteh mengikuti aturan nabih  muhamad saw
23,23,23,yg ber ilmu tinggi belum tentu ber aklak muliaa
24,24,24,bukan mundur disuruh mundur ga pantes seorang pendakwa seperti itu   itu omongan dukun bukan bahasa ulama  pendapat rakyat juga  harus mundur
25,25,25,gus s3tan bnyk tokoh yg hadir pd kejadian  ada kh  ad habib mreka smw ketawa mrendhkan pnjual es teh mreka menjual agama lbih trhormat penjual es teh tsb yg berusaha dgn tenaga dn kringt untk nafkah kluarga  ltimbang gus busuk kh busuk habib busuk yg hadir dn ikut tertawa menghina penjual es teh
26,26,26,baca tes anak sd pun bisa
27,27,27,kalau sudah biasa mulut kotor kasar dalam berdakwah langsung tak ada manfaat langsung dalam berdakwah
28,28,28,gus miftah  klu ada pengajian lagi aku mau jual  es degan muter muter  di daerah  situ  tolong aku di ejek dan direndah rendahkan   biyar bisa berangkat umrohbayak uang kan bayak orang iba  jual minuman  membawa  berkah
29,29,29,kenapa harus menangis gus
30,30,30,yang jelas masyarakat banyak yg nuntut mundur
31,31,31,panjang ranbutnya kaya macam teror penampilan nya
32,32,32,mulut mu harimau mu ini lah pepatah yg pas untuk mu qus miftah
33,33,33,semoga ke depannya gus miftah bisa menjaga sikapnya agar tidak menjadi contoh buruk bugi umat seperti contoh kelakuan gus fiftah terhadap istrinya meskipun itu hy guyonan kata miftahnamun tak patut itu di lakukan di depan umum alangkah malunya istri gus miftah keliatan dr gestur tubuhnya ketika itu
34,34,34,yahlebih baik mundur dari pd merem bet kemana mana
35,35,35,begitulah klo dakwah nya campur ketoprak 
36,36,36,menurut aku netizen terlalu cepat menilai d mengambil keputusanjgn menghujatklu begitu suruh habib itu kembali kenegaranyasemua org khilaf seharusnya kita ambil hikmahnya
37,37,37,maaf sebenarnya banyak kebaikan dr gusmanusia tak ada yg sempurna ini merupakan teguran dari alloh agar gus lebih berhati2 dlm ucapan maupun prilaku kembali ke adat ketimuran
38,38,38,sebaiknya dakwah agama itu seharusnya jadi suri tauladan para ulama baik ucapanmaupun tingkah menjadi contoh orang banyak
39,39,39,plajaran buat smua klau suka bercanda jgn sampai brlebihan  brsikaplah yg dewasa n pandai mengendalikan diri
40,40,40,knapa kamu nangis berat meninggalkan duniawi kamutakut  gak d percaya rakyat indonesia ykapoooookkkk
41,41,41,bener lebih baik mundur kamu miftajgan mundur dari utusan negara aja kamu mundur jga sebagai ustadbelajar dulu aja kamu
42,42,42,sebenarnya dr ucapan gus miftah membawa berkah buat pak suhaji allah turunkan rizky yg berlimpahberkat ucapan gus miftah menjadi ky mendadakseharusnya berterima kasih jg sm gus miftahcb kl bukan ke khilaf an gus miftah mungkin pak suhaji ga seperti sekarang iniintinys kita tidak boleh saling menhujat siapapun karena manusia tidak ada yg sempurnakesempurnaan hanya milik allah sematasemangat gus
43,43,43,alhamdulillah
44,44,44,semogadengan kemunduran diri gus mifta dan mengakui kesalahannya allah swt akan memberikan kemuliaan dan kemudahan dlm segala hal sifat mengakui kesalahann  adalah sifat kesatria
45,45,45,waduhmau mundur aja kok pakai dalilya mundur ajapakai nangis pulakok dagelangus
46,46,46,bagus deh gk cocok jd staf presiden krn nyontohin ahlak dan adab yg jellek
47,47,47,makanya jadi panutan tuh harus arip dan bijaksana jaga tuh mulut udah di panggil ustadz apalah lebih baik diam dengan diam jadi emas
48,48,48,masya allahgantinya mungkin gus muwafiq atau kimad
49,49,49,efek asal comotwarga 62 ga didoktrin tuk becanda positif dan nyenengin tapi dibiarkan liar nyebelin
50,50,50,setiap manusia memang tak ada sapa yg sempurna kalau fikir logik saya hairan sekali padahal fikiran org betulx2 waras boleh memikirkan yg terbaik sebelum terlepas bagi katax2 yg tidak sesuai terhadap org lain akhirnya kenapa boleh tibax2 jadi perbuatan yg sebegini sedangkn org yg sudah banyak memperlajari mendalami ilmu agama setahu saya dia boleh menjadi contoh dan tauladan untuk membawa org jalan ke arah yg lebih baik tapi mengapa tibax2 ada d sebaliknya boleh pula lepaskan katax2 sebergitu rupa yg boleh menyinggung hati dan perasaan sama org lain kalau perbuatan kita mungkin boleh kita undur memperlajari diri utk jadi manusia yg baik kalau kita sudah buat garax2 melepaskan katax2 yg sudah menguris hati dan perasaan org lain kemungkinan itu susah mahu d undurkan sebab bukan mudah org memaafkan katax2 kita yg sudah d lepaskan pada org lain risau org lain tidak boleh memaafkan katax2 kita jadi bila esok kalau kita sudah meninggal masuk d dalam kubur esok jadi susah tu lain kali kita sebelum berkata sesuatu kena hatix2 selagi org tidak akan memaafkan kita selagi tu lah kita tanggung
51,51,51,saya yakin beliau termasuk orang yg bertanggung jawab dibalik semuay kita tarik kesimpulan beliu untung  penjual es untung kita semuapun untung kalau kita pandai memandang kebaikanya
52,52,52,bagus luh mundur ngerusak wibawa presiden baru dilantik 
53,53,53,jokowi kaget utang piutang dan bunga naik di era prabowo menjadi 20 atau 20 juta rakyat nkri di bantai akibat jatuh tempotak ada ampunan
54,54,54,jika allah berkehendak lainmk berprinsiplah dlm hidupajining diri soko lathiajining rogo soko busonosmg setelah ini gus miftah bisa ambil hikmahnya
55,55,55,mungkin itu sifat aslinya ya
56,56,56,hahahaaaa  s miftah gk pantas d jadikan panutanmundurlah anada scara hina
57,57,57,hati2 para pendawah jangan sampai kesalahan terulang lagi seperti yang sudah sudah suri tauladan itu penting sekali
58,58,58,gus mita  ini merupakan tegoran dari allah agar ada perbaikan cara penyampaikan tutur kata nya tidak semua orang mau dibilang begitu tapi disisi lain allah memberi  atau mengangkat derajat nya tukang es pelajaran buat kita semua tidak ada kesombongan dalam hidup derajat pangkat harus berbuat arif
59,59,59,beliau mengundurkan diri tdk egois salut tuk gus miftahitulah orang yg jenteltdl semata mata jabatantanggung jawab seorang gus miftah
60,60,60,orang yg baik orang yg mengakakui kesalahanya  mau memperbaikinya
61,61,61,salut dgn gus mifrah mau mengundurkan diri berarti tdk gila jabatan selanjutnya bagai mana dgn fufufafa dn lainnya     yg terlibat korupsi dn terlibat judol apa msh tetap bertahan dn tdk punya perasaan
62,62,62,dlm agama sangat di larang menghina orgapalagi ustazd tau itutp di lakukan jgitulah kbsaran allah menghina mka kita akan terhindar baik buruknya kelakuan kita smua di kembalikan untuk kita
63,63,63,ini orang ngak pantas jadi orang penting dalam barisan bapak presidenini orang harus di pecat
64,64,64,sungguh sangat bijaksana sekali hati gus miftahsemoga engkau dipanjangkan umurmu gus
65,65,65,bukan hanya menjatuh kan harga diri bpk prabowo menjatuhkan harga diri dan memalukan keluarga nya sendiri mulut mu harimau mu jaga lisan jaga sikap seorang pendakwa masyarakat kejadian gus miftah ini sangat penting buat amin rais bila bersalah akui lah kesalahan itu allah maha pemaaf dan penyayang
66,66,66,mundur ucapan dgn menangis itu asli nya berat untuk mundur karna jabatan dri presden hhhhh  lucu  jngan cok pintr sendir klo suda di panggil gos  kok se enaknya bicara menghina kpd orang kecill dosa
67,67,67,semua kejadian ini kita ambil hikmahnya yang terbaik semoga gus mifta tetap sehat semangat panjang umur murah rezekinya dan selalu ada dalam lindungan allah subhanahu wa taala tidak ada manusia yang tidak salah gusmitah sendiri udah sangat gentlemen mengakui kesalahannya dan dia meminta maaf kepada seluruh rakyat indonesia yang merasa dikecewakan semoga kedepannya gus miftah lebih memperbaiki ucapan lagi dan semoga tidak terulang kembali dengan kesalahan yang sama tetap semangat dan teruslah berdakwah utk kaum yang lemah ilmunya
68,68,68,455
69,69,69,miftah itu bukan dawah  tapi guyon thokkk
70,70,70,mifta   sendiri  malu  dgn bicara  nya yg selalu tdk sopan selama dakwa di mana saja ber ada  tdk pantas di lihat di dngar orang gila la seneng melihat ceramah  mifta kenapa nangis aslinya berat kecewa
71,71,71,
72,72,72,bukan hasil istikorohtp tau tau diri 
73,73,73,biyuhpembina keagamaan ternyata 
74,74,74,biyuh kok iso nngis abot pora melepas pora jabatan kui suk meneh ngati ucapane kuii
75,75,75,nanti sudah viral baru banyak cerita
76,76,76,padahal yang sebenarnya dia di pecat tapi diminta menyampaikan mengundurkan diri agar kelihatan lebih baik 
77,77,77,ya itu lebih baik mundur gus mifah karena menjagah nama baik kabinet pak prabowo dengan satria mengakui kesalahan dan kekilafkan dan mundur dari kabinet bisa buat pembelajaran pejabat lain dan mundurnya gus mifa karena cinta dan tanggung jawabnya pada presiden dan bukan tekanan dari manapun ini sebage tanggung jawab apa yg diya lakukan bahwa jabatan ini sementara  untu bisa buat contoh lainnya
78,78,78,bagus sbelum ku pcat tttt ha ha
79,79,79,sehat n sukses
80,80,80,aku kok melok mewek gustp gus itu keputusan tepat dan sangat tepat 
81,81,81,ya lah bro tau dirianda bodoh ora ono toto kromo adat sopan santun
82,82,82,ga ada yg maksa mundur istikharah lahhh viral di medsos netijen udeh julid apa bujan krn itu coba kalau ga viral ga nyadar khan
83,83,83,gus2
84,84,84,baguslah kalau sadar diri
85,85,85,pastinya sudah di suruh mengundurkan dirisoalnya lawan penguasa sama rakyat klw melawan habis lah dia sama penguasanya jika orang ini masih bercokol di penguasa
86,86,86,sekarang anda menangis karena apa
87,87,87,bagus sikap jentel yang repot udah salah nga mau minta maaf itu kurang ajar sok benar dan pinter sebdri
88,88,88,ngapain nangis waktu menghina gagah x
89,89,89,harusnya fufufafa di gusmiftahkan
90,90,90,harapan masyarakat rakyat kecil indonesia semua penjabat jentelman seperti pak miftah
91,91,91,inilah cara allah memalukannya di depan umat itu yg ketawa saat miftah bicara ketawa ngakak orng nggak punya hati gimana bapak itu di malukan didpn orng banyakgimana kalau kamu diketawain orng banyak pulamalu juga kan
92,92,92,makanya jangan suka mehina gak pantas jadi dakwa ngajarkan yag gak baik
93,93,93,memang harus keluar sombong ustad apa itu buat malu siapa pun yg masukan ke kabinet prabowo banyak ustad santun di indonesia ini
94,94,94,dari pada dipecat kn lebih baik mengundurkan diriklo dipecat kn malu
95,95,95,contoh yg baik pada masrakat dan khusus pada pejabat semuatop gus
96,96,96,baguslah supaya dia lebih hati lagi klw berbicara coba klw ceramah diperhalus gaya bicara dan bahasanya jangan asal ceplosjangan diaca saja tapi diterapkan pada diri pribadi contoh itu tdk selalu harus berbicaratp berperilakulah yg lebih baik lagikami para orang tua memaafkantp mbok yao perbaikilah gaya bicara dan bahasa dlm berdakwah jangan terlalu ngasal bunyi semoga ini menjadi pelajaran bagi anda terimakasih 
97,97,97,sikap yang meerusak citra agama
98,98,98,semua dah kehendak ny pembelajaran hidup luar biasa 
99,99,99,menyusul fufufafa
100,100,100,q pikir mundur dari penceramah juga 
101,101,101,satu satu penjilat jatuh
102,102,102,gk pantes jadi setaf peresiden
103,103,103,jebleh
104,104,104,makanya pandawah jangan terjun ke dalm politik urus aja umat
105,105,105,mewek
106,106,106,maju terus gusjabatan nggak penting gussemoga gus miftah di beri panjang umur dan kesehatan
107,107,107,mundur  si mistah  cepat mengundurkan  diri lebih bagus 
108,108,108,kalau noleh bpk presiden  yg cocok menjabat pengganti  miftan ustad  hadi hidayat
109,109,109,ngarang 
110,110,110,ga usah nagis gus mulutmu harimaumu
111,111,111,drpd di pecat lebih malu lebih baik mengundurkan dirimenghina seseorang kayak dirinya udh bagus aja mikirketawa berbahak2 merendahkan seseorang pengajian atau mau mencaci orang
112,112,112,kami sgt yakin  itu jalan yg paling terbaik demi ketenangan jiwa masyarakat umumnya  dan jgn ada lgi org yg berlaku sombong dan angkuh di era saat ini  trimakasih bapak presiden
113,113,113,sedih ya
114,114,114,berat mninggal kan jabatan karena ahlaknya yg g bener
115,115,115,alhamdulillah
116,116,116,banyak pendakwah yang menolak menjadi apapun di stap negarawandi kampung saya ada bekas preman jadi ustadz e jadi pembunuh keluarga pondok pesantren jadi keluarga pembunuh
117,117,117,gitu sadar diridan gak usah ceramah ceramah percuma intropeksi aja sendiri dirumah terus ngaji diri di rumah sama rambut itu mbok dipotong gilani
118,118,118,baru 1 blan setegah bagi mna klo 5 thnkiamat lah islam di indonesia
119,119,119,buat kiyai yg laenya jngan sombongingat itu bukan pakaian mu
120,120,120,semua irang yg ada di samping kanan kiri muitu semuanya telah menyakiti orang oedagangjangan cengeng sok nangis segalacintoh yg buruk 
121,121,121,menyesal nya sunggu2 kah sbg pendakwa hrs sll menjaga
122,122,122,makanya jadi orang jngan sonbong allah saja tidak sombong saya jug  orang pedagang kau telah menyakiti hati irang bnyak miftahsiapa ygpercaya sama kamu lagi
123,123,123,malu ya dah hina orang kecil mundur
124,124,124,itulah kalau orang sopinter sobener kalau ngomong semau gue tida merasakan hati orang begitulah ahir cerita orang sombong
125,125,125,bukan mundur tapi mmng akan dipecatdicopot smg mendpt yg lebih baik lagi untuk negarakalau gibran kapan mundurnyasblm rakyat malu  dg wapres
126,126,126,benar juga kata pak presiden pak prabowo harus dipecat karena menghina rakyat kecil sy setuju mantap pak presiden itu baru tegas namanya presiden yg adil bagi rakyat kecil
127,127,127,jos tenan gus miftahgoblon ne wongdapat ratusan juta
128,128,128,sdhbtrllu vanyak ksalahnmu bung sdh waktunya bertaubat inilah jln awal taubatmu
129,129,129,meweeekkkkk hee heee heeedi guyu sugik nurr
130,130,130,sekarang baru mewekkemarinnya terbahak bahak 
131,131,131,lah gitu fokus dakwah saja yg baik
132,132,132,kue ngabdi negoro opo mif2
133,133,133,yaaa orang sudah banyak yang komentar anda baru buat keputusan munafik luu
134,134,134,tp kesatria tdk pernah nangis d muka umumn tdk mengumpat
135,135,135,sy lebih geram sama yg tertawa lepas disampingnya gus miftah
136,136,136,nangisx d ulang2i aq lg bayangin penjual es teh saat d goblokin dy d dpn umum ngs gak ya
137,137,137,bngsat ini di pecat cumn setingan aja di bikin mundur
138,138,138,utusan presiden sbg staf kerukunan beragamaya ampunlagakx suombong gtkyk gak ada yg laen ajaitu uah n uas kok gak di pilih 
139,139,139,cengen kemarin ngakak minta ampun bagusla mundurkan diri dripda di gaji oleh negara untuk mengoblokan orang
140,140,140,misuh emetuwek e d hilangi mas
141,141,141,gk usah maen dalil lg dah mif lidah lu udah basah dengan cacian
142,142,142,habib rizieq yg pantas gantiin lu mif
143,143,143,mundur karna tanggung jawab sama presidenkarna viral nitizen byk yg minta dia mundur masih aja mulut mu gus 
144,144,144,makan tu mkanya mulut itu di jagajangan asal ngomonghidup jangan somkan tu
145,145,145,maka nya jgn songong ente miftah
146,146,146,makanya jadi org jangan so
147,147,147,bagus klu sadar kau
148,148,148,entot kebo mendingan miptah itu
149,149,149,ustad penghina biardi bilang ustad kocak
150,150,150,alhamdulillah
151,151,151,kalau sebagian sudah tau ilmu islam dan hukum nya makanya perdalamlah ilmu aturan nya
152,152,152,kesatria nangis itu artinya menyesal jabatan hilang makanya lo jangan songongkasatria nangis 
153,153,153,org seperti lo tak pantas kontribusi buat negara
154,154,154,byk gaya lo kau di suruh mundur bukan kemauan lopendakwa tdk punya ahlak kau
155,155,155,gakpenting beritanyagus miftah   bukan siapa2 tapi hebat juga yaaa baru sekali istikhoroh  sudah dapat petunjuk 
156,156,156,alhamdulillah dia sadar diri
157,157,157,syukur alhamdulillah indonesia selamat dari manusia berakhlak berakhlak jongos baalawi semoga bangsa indonesia sadar dan tinggal kan penceramah yang tidak ada manfaat nya 
158,158,158,orang yg d hinad balea dgn semyum legowoitu yg ceramah y sediri itu dr orang apalagibam sang pencipta y
159,159,159,ini baru pendekar maju keton dadae mundur keton gegere
160,160,160,alhamdulillah ya allah
161,161,161,berhentilah jadi ulama
162,162,162,tak usahlah menangis engkaulah orang sombong
163,163,163,kalau punya mulut di  jaga yg baik
164,164,164,semoga apa yg terjadi bisa membuat gus miftah menjadi lebih baik ke depanbetapa pentingnya menjaga lidah
165,165,165,sukurilah mewek
166,166,166,musti di hargai sikap gus miftah mundur dari kabinet dan bapa penjual es teh menuai simpati dari warga dan banyak mendapatkan bantuan keuangan kita ambil hikmahnya z 
167,167,167,kalimah yg jelek aja bisa mendatangkan riqi apalagi kalimah yg baik
168,168,168,itu air mata buaya miftah yang akal sehatnya untuk menghina orang miskin ternyata tidak sesuai drngan ilmu yang dia dapat dan ilmunya hanya untuk mencari sensasi dan mencari muka terlalu banyak omon omon itulah akibatnya kalau ilmu untuk kesombongan akhirnya engkau direndahkan oleh allah swt
169,169,169,ya harusnya begitujantan mengakui kesalahannyajgn cuma minta maap sajahati2 kedepannyadalam bicara dn dawahklw mau berdawahrubahlah ciri has berdawahnya model begitu karena ciri khas dawahnya jelekcarilah ciri has yg baik yg benar2 bisa membuat umat nyaman dn bukan membuat gaduhinsa alloh kedepannya lebih baik lagi amiin
170,170,170,contoh ulama atau dai seperti zainudin mzalmarhum  kalo mifta mah gk jelas
171,171,171,yang sabar gus miftahmungkin nie skenario allah tuk lebih hati2 berbica age dan lewat candaan guz miftah si bapak jadi banyak rejeki dan banyak yang bantu aku ndc pernah hujat aguz miftah meskipun banyak yang menghujat di balik kejadian nie semoga ada hikmah nya aamiin
172,172,172,sama pak presiden di suruh mengundurkan diri klo gak mau baru d pecat
173,173,173,mantap gus sampean gentelman kutulusan dan kesadaran tingkat dewa allah dgn kuasanya telah mengangkat derajat bpk penjual es tapi dgn ketulusan dan kesadaran mengakui dan meminta maaf atas kekhilafan sampean juga mulia disisinya insyaallah
174,174,174,lu membahayakan generasi penerus bangsa karena status anda agamis dan mencotohkan perilaku serta ucapan yang buruk 
175,175,175,salut sama gus miftah
176,176,176,semoga dengan kejadian ini gusmiptah ambil hikmah ny agar menjadi org yg lebih baik dn lebih br adab
177,177,177,tidak pantas di panggil gus
178,178,178,selama jdi gus tak pernah sy melihat iblis ini mengaji
179,179,179,ya harus mundur bahasa dakwah harus berbobot
180,180,180,aku doakan selanjutnya  rizik sbahar semit mundur juga dari indonesia karna hinaan dia lbih tdk  punya ahlak mnghina presiden dll ayuh donk para netizen seindonesia gugat tuh yg ngaku ccu nabi
181,181,181,baguslah kalo mundur dengan tau diriperbaiki mulut banyak banyak intropeksi diri sapa diri lo tuhan menciptakan wujud si penjual es teh sadar gak lo sapa yg ciptakan diri lo ada di muka bumi ini
182,182,182,ra kuat pangkat termakan omongan nya sendiri
183,183,183,mundur saja kami tdk tahansebelum masyarakat marah
184,184,184,sehat selalu gus semoga ini jadi pelajaran yang sangat berharga pada hakikatnya orang yang engkau singgung sekarang  naik derajat nya semoga allah swt mengampuni  memaafkan semua kesalahan yang gus perbuat karna hanya allah lah yang tahu baik buruk nya ucapan gus sesungguhnya nya salam persahabatan dan persaudaraan 
185,185,185,ini baru namanya takdir gak bisa jadi pemimpin yg baik jadi gelandangan aja kau miftah itu lebih baik untuk mu hahaha takdir
186,186,186,yaallah semoga selalu sehat gus miptahini pembelajaran kedepan nya tida terulang lagi terus berdawah jangan putus asa
187,187,187,bagus di ganti sudah berbuat nangis pulaaabanyak yang lebih baik dan sosial tinggi tidak menghina orang kecil aamiin
188,188,188,tetap  semangat gus
189,189,189,taim gak kuat drajatpribadi yg buruk jadi staf keagamaanorang gituitu kok di beri gelar  gus
190,190,190,indonesia gak butuh orang kayak gini  masih bnyk orang yg berilmu yg rendah hati
191,191,191,lebih baik mundur dari pada banyak masarakat yg akan lebih membenci  dia
192,192,192,bagus deh kalo dia mundur dr merah putih kabinet presiden prabowomenjaga nama baik bpk presiden kalo sampai dya gak mundur netizen bakal berbondongbondong demo ke istanalebih baik mempertanggung jawabkan perbuatan nya  sendirimulutmu harimaumutidak semudah itu kata maaf masalah selesai begitu saja bila ada 1 banding 1 kita anggap masalah itu selesailebih baik mundur dr pada di pecat itu lebih baik
193,193,193,mungkin ini teguran dari allah atas kesombonganya yang di perbuat
194,194,194,saran saya copot semua gelar anda  gak usah jadi pendakwa  jadilah rakyat biasa kalau bisa anda sekalian jualan es teh panggul apakah anda gak malu sama allah 
195,195,195,baguslah kalau sudah sadar guslebih baik mundur dari jabatannya daripada dipecat bapak preseden
196,196,196,semudah dan secepat itu allah turunkan pangkat dan derajat seseorang 
197,197,197,  
198,198,198,              
199,199,199,semoga kedepannya lebih baik lagi kami tau segala nya hanya karena humor semata yg dia ucapkan
200,200,200,saya bisa menilaigus mitfah asli kesatriatanggung jawab mengakui semua kesalahannya
201,201,201,mantap   itu nama nya sadar diri  kalo di atas itu kenceng angin nya 
202,202,202,alkhamdulillah  kt gus  miftah  cuman hamba alloh swt sangat2 pertanggung jawab  atas kekeliruankesalahan ya jg  buat contoh yg terbaik  alloh  swt maha kasih dn sayang smg  gus miftah  jg bpk sunhaji  di sini  jg  derajat beliu yg melalui acara ini  smg  kt semua ya  sukses senantiasa sllu dlm perlindungan keberkahan kebahagiaan yg tanpa batas dn yg terbaikamiiin ya robbal alamin
203,203,203,lebih cocok jd pelawak daripada jd pendakwah
204,204,204,bar ngusep sirahe bojone pindo  sakiki ngusep atine bakol es tehpiye to gus sampean ki
205,205,205,gus miftah mau trus brdakwah  masa si msh ada yg mau dengerin apa ga mundur jg pasti di pecat bpk presiden prabowo sangat prduli sm rakyat miskin
206,206,206,gk usah nangis air mata palsu itu  inget pas kemaren ngolok sama se gerombolan mu yg ilmu nya tinggi kemaren  gk bisa ngajeni wong cilik
207,207,207,kok mewek kemarin menhina orang miskin ketawa ketawa sdan sombong kok sekarang menagis
208,208,208,ustd reman ko mewek juga
209,209,209,kenapa lu jabrib mengundurkan diri  malu yah
210,210,210,sudah berbulan bulan menjilat baru kemaren jadi pejabat udah modyar
211,211,211,potong dulu rambut
212,212,212,pejabat yang lain contohlah kalau anda yang berbuat salah akuilah dan mundurlah masih banyak anak bangsa yang lebih baik 
213,213,213,bgus mundur aj gak pantes crmah kyak gthu
214,214,214,msih mau bela diri boos
215,215,215,kocak lu gus masa nangis skg coba ulangi ekspresi muka ketawa waktu hina pedagang es
216,216,216,sabar lek sampean wong pinter cuma cara ngomongmu sing kurang bener alias saru
217,217,217,inilah cermin buat kita semuajangn sampai lisan menyakitkan oranglain
218,218,218,pak presiden pak prabowo perna bilang  sya hormat pada petani  pedagang kaki lima  pedagang asongan ojol  dll  hlaaa mala gus miftah menggoblok kan pedagang asongan
219,219,219,semangat gus stiap orang pasti pernah melakukan ksalahan tidak ada manusia yang sempurna karna kesempurnaan milik alloh semoga kedepan nya akan lebih baik gus semangat semoga semakin mendekatkan diti kpda alloh yg maha benar dan maha membolak balikan hati manusia amin
220,220,220,kemarin  ketawa    gus   mana ketawa mu   
221,221,221,kok cengeng se x sih
222,222,222,lebih baik mundur    dari pada di copot secara tak terhormat       mita  harus di    proses sesuai  uud  hukum  di indonesia    jang    hanya mundur dan meminta maf  terus   udah kelar     tangkap dulu gusmita     beri hukuman
223,223,223,td layak lgi d undang orang sombong yg kya gini bagi orang yg mau mengundang lbih goblok lgi
224,224,224,berdakwah lah anda di rumah andakarna gk ada yg mau mendengar karakter dakwahan anda paham sampean
225,225,225,gus mihta tak psntas di sebut pendakwa        hapus  juga dari  pendakwahan
226,226,226,kepada seluruh rakyat indonesia saya ucapkan terima kasih sudah mendukungsiapa yg dukunggw sih kagak 
227,227,227,terima kasih sudah memilih  mengundurkan diri kata beliau sebagai langkah awal bukan langkah mundur mari kita hargai pilihan beliau tuhan memberkati 
228,228,228,se orang ustad ucapan katanya jangan kotor n seenaknya perutnya sendiriustad itu beri tausia yg baik karena ustad itu orang yg ber ilmu n pendakwahberi wejangan yg baikbukan malah mulut nya menghina
229,229,229,ini sebagai contoh untuk seluruh pejabat di nkri budaya mundur apabila melakukan sedikit kekilavan walaupun itu tdk disengaja budaya mundur fenomena ini akan menjadi dimulainya fenomena baru  untuk seluruh pejabat baik dari pusat sampai daerah bupati gubernur dsb hormat untuk gus miftah
230,230,230,mudah2han yang di panggung yang ikut ketawa akan d miskin kan hartanya oleh alloh subhanahuwataala amin2 kunfayakun
231,231,231,mau nagis mintak di kasihaniini yg mau di cantohinati2 pak prabowo cari org utk jd pemimpinsy dukung pak prabowo sdh 3 priode
232,232,232,mana ktawa mu yg kmarin yg waktu merendahkan orang lain tukok mewek sih andabetapa bahagia rakyat indonesia gk ada  pereman pasar berkedok penceramahjujur ini lah pidio yg paling lucu yg saya tontonsatu kata untuk anda maaaaammpuuuuuss
233,233,233,bagus lah kalau mundur anda itu belum pantas duduk d sebelah pak prabowo
234,234,234,jg byak omong lh bosayat2 yg kau baca hya utk bela diri
235,235,235,lihat saja sadar asli atau palsuklo sadar alhamdulillah
236,236,236,ulama kocak
237,237,237,kesatria mengakui kesalahan
238,238,238,hahahahahahahahahaha
239,239,239,bagis lah jika km sadar gus kampret 
240,240,240,saya sangat mengapresiasi langkah yg gus miftah ambil patut di contoh walau kesalahan nya hanya kcil
241,241,241,syukurlah kl anda sadar diri untuk mengundurkan diri biar jadi contoh dan pembelajaran  buat pejabat lain kalau punya kasussegera mundurbukan malah cari cari alasan dan kambing putih
242,242,242,wala takfu malaisalaka bil ilmijngnlh kamu mudah menyimpulkan sesuatu yg blm kamu ketahui
243,243,243,gondrong doank tapi nangis
244,244,244,jangan sombong lah jadi orang
245,245,245,biasanya seorang atasan jika bawahannya berbuat kesalahan yang fatal maka seorang atasan memberi 2 pilihan mundur atau di pecat
246,246,246,mimtah asal ngagah ngomong teh
247,247,247,syukur alhamdulillah atas kesadarannyabahwa anda tidak layak untuk jabatan itu gus
248,248,248,kemarin angkuh  sekarang lusuh gus gus darimana juga kamu dapat gelar gus
249,249,249,bukan dari canda gus mifta tukang jual esteh dapat rizqi dadakan
250,250,250,mundur karna tertawa yg berlebihan jowone beecik ketitik olo ketoro
251,251,251,mundur karna tertawa yg berlebihan jowone beecik ketitik olo ketoro
252,252,252,benar kata pepatah mulutmu adalah harimaumu
253,253,253,pembelajaran bagi siapapunsaat yang mahakuasa mengangkat derajat anda anda jangan lupa jabatan yg dititipkan oleh presiden bukan berarti membuat anda makin pongah ingat jabatan itu adalah sebuah ujian dari allah sekarang anda sia amanah yang maha kuasa terhadap anda dengan mencaci seseorang hanya karena menyangkut anda diberi jabatan presiden trus anda bisa seenak andaitulah kesalahan anda ingat gus nikmat tu cuman sampai tenggorokan sekarang anda telah dicabikcabik oleh mulut dan kelakuan anda sendiri gak usah pake cuci tangan biar anda dianggap benar lagi introspeksi aja diri sendiri trus biar orang lain yang akan menilai andamurid anda si dedi mana suaranyaingat kita hidup jangan sombong apa lagi pongahhatilah dalam berucap hati dalam bertindak hati bertingkah lakubagi yg kemaren ikutan ketawa terbahakbahak diacara si gus miftah kalian juga harus introspeksi diri juga secara gak langsung sikap anda juga bikin hati orang terluka jgn hanya jadi penjilat pada simiftah dengan pd nya ketawa terbahakbahak sekarang kalian saksikan sendiri kan sekarang kalian dihinakan juga harusnya kemaren anda gak usah ikutan ketawa anda harus pikirkan dulu itu candaan atau hinaan yg akhirnya anda juga ikut terjerumus oleh tindakan simiftahkalian semua orang yg berpendidikan maka gunakanlah sebagai mana mestinya seseorang yang berpendidikansemoga kejadian ini jadi pelajaran bagi seluruh tokohpejabat di seluruh indonesiaingat jabatan itu banyak artinyabisa jadi jabatan bukti kekuasaan tuhan mengangkat derajatbisa jadi jabatan itu adalah ujianbisa jadi jabatan adalah berkah dan banyak lagi yg tersirat dalam jabatan dan ketenaran
254,254,254,20250 di maafkan
255,255,255,gua mah geliat dia ceramah pakek kacamata hitam kalo lagi ceramah aja udah gak simpatik sama ini orang  eeee benar sekarang terbukti  ini orang bukan penceramah  cocok nya jadi badut
256,256,256,wah bisa dalil gaes membaca pula 
257,257,257,maleess komen
258,258,258,keliatan dia bukan ahli ilmu
259,259,259,mendingan nabalin
260,260,260,nah itu lebih bagus dari pada membuat malu  udah di kasih jabatan sama pak bowo kok bikin ulah
261,261,261,sudah jangan mewek mewekitu sudah karakternya ganti saja gus ikhdamm
262,262,262,
263,263,263,alhamdulillah mundur juga  semua sudah terbukti
264,264,264,gus apaan kau
265,265,265,gak pantas jadi panutan
266,266,266,untuk santri santri gus mifta saya sarankan cari guru yang punya adab yang bagus sehingga bisa bermanfaat ilmunyakeluar dari pondok ataubyang santri diluar pondok
267,267,267,setelah ini boikot ponpes yg pemiliknya ngakak disamping orang ini pesantren alhuda magelang tolong  masih banyak ponpes yg lain jgn termasuk orang munafik menitipkan anak ke orang yg gak punya hati nuraniseperti usman ali dia bukan kyai dia cuma penggemar poligami
268,268,268,yaudah iyalagian becanda nya begitutau sendiri netizen browasit bahrain aja ampe ketar ketirsemoga lebih baik lg cara dakwahnya brokurangin deh katatersebutemang di lingkungan masyarakat katatersebut selalu terucapbahkan katabinatang pun biasa ajakalo yang ucap orang biasa yatapi kalo punya nama trus keluar katatersebut auto tranding no 1bisa x sebulan lebih tranding
269,269,269,lebay politik politik  nggedebus
270,270,270,mewek mewekkkkk wkwkwk
271,271,271,andaikata dagang es tidak di goblok goblokan sama gus miftah kira kira dagang es firal tidakkira kira dagang es hari ini naik derajatnya apa tidak 
272,272,272,alhamdulillah
273,273,273,nyadar kan kamu guas makanya punya bahasa tutur kata di jaga jangan asal njeplak
274,274,274,barokah jd mukhibin ya gini baru saja blm 1bln eh jatuh dgn sendirinya
275,275,275,justru sebelahnya gus mifta yg benar2minta maafkelihatan arogansinyadia jg nanggung dosanya dihadapan allah
276,276,276,alhamdulilah klau masih sadar diri masih banyak yg pintar dari pada congornya ngak bisa dijaga
277,277,277,maka nya mulut dijaga  seorang kyai gak pantas bicara kotor 
278,278,278,wkwk istikhoroblg ae miftah malu di olok olok notizen emang wali istikhoro lgsng kobul
279,279,279,yg kemarin ikut ketawa bareng kenapa ga ikut nangis bareng
280,280,280,lebih baik mundur dari pada menunggu di pecat secara tdk terhormatkarena anda tdk pantas menjadi pejabat negara 
281,281,281,sekarang miftah harus membuang nama gus karena dia bukan gus dn jangan sekali2 mendulang uang dari berceramah dn sudahla jangan ngomong dalilhadis itu malah mencoreng agama islam
282,282,282,setelah penjual es teh selanjutnya penjual apa lagi ya yang di katain gblk  dakwah sekarang menjadi bisnis dan politik yg menjanjikan
283,283,283,itu jg yg sebelah gus miftajg harus minta maafyg modelnya  seperti plecehan pedagang kecil
284,284,284,malu kl ga mundur brosadar dirilah
285,285,285,mmang begitu hrs mundur
286,286,286,penyesalan emang datang akhir belakang  jadikn contoh ingat sllu jg lisan trhadap orng lain
287,287,287,nhaah ini bisa menjadi pembelajaran yng mahal untuk semuanya apalgi bg publik figur maupun politisi untuk lebih menghargai sesama manusia mulutmu bisa menjadi harimau mu
288,288,288,nangis tenan opo sandiwara kui
289,289,289,begitu dong mundur dengan hormatjadi yg goblok itu bukan penjual  es tapi sebaliknya
290,290,290,orang2 yg terania doanya  sangat di ijabah sama allah swtsemoga kelak tidak terjadi lagiamin
291,291,291,sy salut buat gus miftahorang bisa saja khikafsemoga kedepannya tidak terjadi hal sperti ini lagi
292,292,292,baguslah mundur itu lbih baik sadar diri
293,293,293,belajar lg gus tentang adab berbahasa dan kurangi tingkah laku yang kurang baik
294,294,294,wahai umat islam di seluruh jagat maya  semua yg menjalani hidup pasti mengalami  yaitu kemarau setahun hujan sehari  hanya orang rendah hati yg tau makna dr pribahasa di atas
295,295,295,gondrong boleh2aje tpi sesuaekn dngn status lo ini bukan zaman nabi yg tak ad tukang cukur
296,296,296,menghina seperti itu tidak baik tapi beliau tidak merampok hak orang lain malah gara gara kesalahan beliau orang lain menjadi makmur coba bandingkan dengan para koruptor yang jelas jelas merampok hak rakyat miskin itu gak pernah ada ynag menghujat sehebat menghujat gus miftah
297,297,297,dan boikot juga harusnya yu orang
298,298,298,begitu cepatnya tawamu berubah jadi tangisan
299,299,299,akhirnya di bukakan jalan nyaga tepat menjadi utusan presiden
300,300,300,kasian gus miftah
301,301,301,baguslah intropeksi diri ingat etika dan adab moral lebih tinggi dari ilmu buat apa punya ilmu tinggi kalau tak punya adab dan etika masih banyak orang yg beradab dan beretika dari nkri ini salam akal yg waras 
302,302,302,ada suara kucingseakan akan puas dengar mifta mundurwkwk
303,303,303,cerdas jgcari simpati semua orngmdahan azapa yg di katakan miftah benar ada nya
304,304,304,baguuuus 
305,305,305,nahhh ngonoaku melu lega yen gus mif wani mundur kanti legawa lan uwes njaluk ngapura marang gusti alloh uga marang lek sunhaji uga marang presiden lan rakjat indonesia jaga slalu kb hasan besari jetis tegalsari ponorogo 
306,306,306,beneran pa hoak
307,307,307,ngono yow isek sempet te dalil joh
308,308,308,penyesalan slalu dtng blakangandn maaf adalah yg pling gampang di ucapkn oleh mulut
309,309,309,makanya di saat kita dekat dengan rezim jangan angkuh seolaholah kalian pemilik bangsa ini rakyat lain yang tidak mendukung jungjungan kalian kau bilang ini kau bilang itu pedahal semua yg kalian buat sadar nangis lagi minta maaf saja sudah muak kita dengarnya jejak digitalmu abadi lo
310,310,310,ya allahh tuhan yang mahakuasa berbuat sekehendak
311,311,311,halah kbnyakn omongngerti agama gak gerti adab
312,312,312,hancursehancurnya
313,313,313,katanya pendakwah kok gitu kan di kitab hadist arbain jelas selamatnya insan manusia dgn menjaga lisannya makanya berkatalah yg baik kalau ga bisa baik lbh baik diam
314,314,314,kita menghormati pilihan mifftah mundur dari jabatan utusan khusus presiden yang berarti dia menyadari bahwa lebih baik mundur sebagai bentuk pertanggung jawaban atas kesalahannya menghina salah satu umat dan itu sangat tepat
315,315,315,mungkin itu lah yng sebenar nya
316,316,316,kau itu pantasnya jdi juri ayam aduan saja
317,317,317,lebih cepat lebih baik mundur daripada lama jadi pendakwah berkedok agama
318,318,318,mantap miftah malu oleh mulutnya sendiri
319,319,319,mundur secara ksatria
320,320,320,kalau saran mah ust adi hidayat
321,321,321,mundur karna desakan sitizen
322,322,322,dan jgan ceramah lgiitu akn lbih baik gus msh bnyak juga kiyai yg baik
323,323,323,ngak cocok ustad menghina orang rendah  semesti menyampaikan yang baik baik aja  kami orang bodoh ngak mau bicara seperti anda
324,324,324,bagus akhirnya mudurdari pada lansung di pecatitulah akibatnya klo punya ilmu ga punya adabiya jabatan hanya titipandan ingat ilmu pun klo gak bisa memanfaatkan nya akan di hisabapa lagi menjadi guru agama pertanggung jawabannya di akhirat sungguh beratjadikanlah ini pelajaran wahai  pendakwah gus miftah
325,325,325,qt ambil hikmahnya nya saja bahwasanya lisan itu bisa lebih tajam dari pada pedang jika qt salah mepergunakan nya bisa berakibat fatal 
326,326,326,alkhamdulillah emang sebaiknya seperti itu lebih baik ketimbang kau sll men jadi kesombonganmu itusatu org lagi yg tertawa terbahak seperti setan itu ktnya konon seorang pimpinan ponpesdia sama sekaii layak khawatir karakternya yg berbahaya itu menular kpd yg lain
327,327,327,pikran dan rasa masing orang sebenarnya kembali ke suasa batin dan pikiran orang itu masing yg membencimu itulah suasana batin pembeci yg suka itulah suasan batin yg cinta  suka jadi biasa saja gus tetap berjuang semangat gus  
328,328,328,apapun gus miftah tetap idolakummg gaya dakwahnya begitu dan ga mungkin jg kyai besar spt gusmiftah berniat mnghina sabar gus allah maha tahu
329,329,329,janga sebut gus krna ucapanya gk pantas utk seorang yg brgelar gus
330,330,330,harusnya jadi pigur seorang habib itu
331,331,331,banyak manusia waras yang lebih pantas
332,332,332,air mata buaya tidak layak kamu jadi pemuaka agzma sombong menghina orang sesukamu aja ngomong tidak pantas jkamu  bicara sehenak  mulut  ingat mati dunia sementra
333,333,333,etika dan adap itu lebih utamakalau kita tak beradab  gi mana tu
334,334,334,salamatul insan fi higdzil lisan sabar gus ini cobaan dari allah swt kedepan kalau berdakwah lebih berhatihati gunakan  kata2 yg baik jangan merendahkan orang lain apalagi di depan umun semoga gus miftah lebih sukses lagi sabar gus
335,335,335,nyatai aja gus mifatah orang yg membencimu dia tak tau suarana batinmu kepadanya dia yg nyukaimu tau akan batin mu begitu sebaliknya  panjengan gus 
336,336,336,buat yg laen jaga mulutnya mkanya
337,337,337,cara allah memuliakandan menghinakan mahluk nyasangan unik kunfayakun
338,338,338,lidah tidak bertulang
339,339,339,aktingnya bgus gus miftah lbh baik jdi bintang sinetron aja  sialnya hidupnya pnuh dramasetanpun gk prcaya akan omong kosongnya apalagi manusianya
340,340,340,klw sudah kyk gini bru nangis ente kmarin menghina org susah smpai terbahak
341,341,341,itu baru takdiiirsetelah kau angkat derajatnya pak sunhaji  gus miftah lepas jabatan mudah mudahan  mundurnya dengan keihklasan
342,342,342,lebay
343,343,343,semua manusia tak luput dari kesalahan n kekhilafansemua ini ambil khikmahnya  nasib rezeqi n bala allaah telah mengaturnya 
344,344,344,tau batal haram tp gak punya adab agama cuman jadi kedok
345,345,345,intinya mengolok mengejek itu gak baik jadi ya jelek
346,346,346,rasakan dn jg hrs di boikot di tv
347,347,347,sdh merasa bersalah
348,348,348,ini lah gus miftahselalu jentelmen
349,349,349,hmmmakhirnyafinis
350,350,350,weswesgak usah banyak stigmen blablaablaagusmundue ya sudahini kan akibat ulah anda sendiri
351,351,351,jangan banyak ketawananti banyak nangis
352,352,352,lain kali jaga lisan jangan mudah mengaibkan orang
353,353,353,kucingnya ikut menangis gus
354,354,354,anda sudah bikin memalukan prabowo
355,355,355,bagus  lah
356,356,356,kamu seprti preman tidak layak kamu jadi lintas agama  menghina orang miskin hat busuk 
357,357,357,allah swa telah memberikan peringatan dan cobaan kepada mu atas perbuatan dan pri laku selama ini terutama saat pilpres dimana dimata rakyat anda tidak adil dan jujur dimana sebagai seorang ulama atau seorang ustat selalu meremehkan manusia  ciptaan allah  sdr gus mufita banyak rakyat indonesia bahkan selevel anda sebagai ulama atau seoran ustat banyak tida sependapat dengan cara anda menghina sesama manusia apa lagi seorang yg tidak mempunyai kemampuan untuk hidup seperti sdr gus musfita tidak perlu membuka buka dan menyebut ayat alquran rakyat sudah kecewa dan mundur bukan hanya jabatan disandang yg ditugaskan presiden tapi berdakwa pun harus mundur
358,358,358,apakah miftah ini msh pantas menjadi pendakwah lebih baik libur dulu deh   sampai batas waktu yg blm bs di tentukan introspeksi diri dan cooling down dulu ga usah banyak bacot ah
359,359,359,betul sebagai pendakwa  penghina
360,360,360,keplesetsendiri
361,361,361,1339
362,362,362,jaman udah banyak  hp kemana2 harus jaga bicara sekarang cari kerjaan susah udah pejabat cuma salah ucap
363,363,363,jangansuka menghinaorangkecilpakanda kan pendakwah
364,364,364,tdk ada kata salut bagi saya krn anda sdh layak mundur
365,365,365,dan akhirnya pejabat pertama yg mengundurkan diri dari jabatannya setelah dilantik pak presiden mulutmu harimaumuterbukti
366,366,366,jangan lupapara netizenorang yg disebelah miftah waktu itu yg terpingkal pingkal sampai menepuk paha miftahdi usut  wajib minta maff juga
367,367,367,saya selalu mengikuti dawah nya dia kayak lagak nya preman gak patut untuk panutan orang islam
368,368,368,lebeh baik jual es teh dari pada jual agama
369,369,369,jangan terlalu angkuh 
370,370,370,          
371,371,371,rakyat jawa tenggah setuju gus goblok mundur pak prabowo
372,372,372,baguslah miftah mundur dr staf khusus presiden  drpd msh bertahan utk menunggu di pecat malah lebih memalukan miftah setelah menghina dan merendahkan wong cilik tp allah menaikkan derajat hidup wong cilik itu setinggi tingginya dan allah menghinakan si miftah yg selalu menjual ayat dlm berdakwah tp ternyata  semua lisannya  itu tdk  sesuai dg prilakunya dan kebiasaan yg ternyata sering menghina dan merendahkan orang contoh nyata ketika merendahkan penjual es seniman senior yati pesek bahkan istrinya sendiri pun dipermalukan di depan orang banyak ternyata  kamu  begitu rendah ya miftah
373,373,373,cramah lagi udah gk laku gus
374,374,374,itu lebih baik bro
375,375,375,ini adalah awal dari keretakan
376,376,376,air mata buaya
377,377,377,sebenarnya bpk yg engkau lecehkn itu g butuh umroh tp dia cm btuh di hrgai d btuh uangdr pd engkau umrohkan lbh baek uangnya km ksih buat modal ajannti kl sdh ada hsilnya biarin bpk itu umroh sendirikesanya kok di paksa untuk umroh
378,378,378,bener gk tuh beritanya
379,379,379,penuh hikmah yg dapat kita ambil dari kejadian ini semoga allah swt melindungi diri kita semua dari salah dan khilaf  aamiin 
380,380,380,gus miftah menjadi contoh siapapun bila bersalah akuilah kesalahannya  jgn salah tetapi mengaku benar  salut  gus atas tanggung jawabnya  allaah sayang kepada hambanya n telah menyadarkan n menyelamatkan gus dari kekhilafannyasemoga gus miftah diberikan sehat selamat n tetap semangat 
381,381,381,heh  beladiri tataumalu ihh
382,382,382,syukur deh byk koq yg jauuuuuuuuh lbh pintar baik ganteng org kaya dari lahir soleh jujur dan tdk sombong pula
383,383,383,alhamdulillah kalo beneran mundur karena akan memalukan prabowo
384,384,384,galfok sama kebisinganya
385,385,385,semua manusia pasti hilaf
386,386,386,justru dengan kejadian ini alloh swt mlh sedang menjaga gus miftah yang sudah terkenal agar tidak terjerumus ke lembah kenistaan yang bertolak dengan peranya beliau karena sysitan selaku berupaya dengan seribu cara untuk menjwruskan manusia baik itu seorang ulama apa lagi seperti kita2 manusia biasa maka janganlah memojokoan dengan kesalahan seseorang masa seribu kebaikan yang telah diperbuat hanya dengan satu kesalahan lansung semua mejeleknan total dengan gus pdahal kita semua pasti punya kesalahan dan kehilafan 
387,387,387,baguuuuus bangeeet  dia sadar diri
388,388,388,kamu belajar akhlak dulu yg betul
389,389,389,mulutmu harimau muistilah yang tak akan pudar
390,390,390,indonesia luas banyak ragam  dan agama   dan penilaian bukan dari islam saja yg mendengar   baguslah mengundurkan diri
391,391,391,sy kasih atas keputusannyaini namanya  jentlebkn seperti orang lainsdh benar2 salahmasih mencari pembelaan  pembenarandemi kedudukannya
392,392,392,mg sukses sandiwara ny
393,393,393,mengundu
394,394,394,aja nangis gah guss 
395,395,395,gus gimana rasanya jadi pemimpin banyak orang susah kan kamu baru jadi setaf dan baru sekali berbuat salah sedikit aja udah di katiin netizenkamu tau kan rasa tekanan itu dan kamu sudah nyerah dengan mundur baru sebulan banding kan dengan pak jokowi yang berusaha berbuat benar saja banyak cobaan dari di tuduh pki di tuduh koropsi dan di demo sana sini bahkan sudah lengser saja masih ada isu di suruh di penjara kan coba fikir bagai mana pak jokowi membawa beban itu semua dengan kuat dan sampai selesai masa pengabdian sebagai presiden jadi kamu baru tau dan merasakan susah payahnya pak jokowi membimbing rakyat indonesia jadi lain kali kamu harus pandai merawat negara indonesia semoga faham mks
396,396,396,miftah harus tau diri
397,397,397,sepertinya kalau tida virall  adat dan kebiasaan yang secara tida sadar akan selalu di lakukan ucapan ulama itu besar pengaruhnyasemoga bisa jadi pelajaran bagi semuanya bahwa adab sopan santun adalah  ahlak rosululloh
398,398,398,makanyabanyak belajar untuk bertutur kataitu lahsifat aslikamuyang keluar secara spontanitas jadi allah itu adilmakanyakalau hidup itu harus bersyukurjangan sombongjangan merasa congkak jadi nggak usah menyesaliitu pembelajaran buat kamujadi nggak perlu klarifikasi sedih
399,399,399,ini jadi contoh pembelajaran berharga bagi para pejabat di negeri ini  menjunjung tinggi etika  moral dn budaya malu  terutama takut melanggar sumpah jabatannya pd tuhan  janganlah kalian meniru para pasukan dajjal lanatullah yg terkutuk  yg tdk punya rasa malu  melakukan kejahatan dgn berlindung dibalik kekuasaan dn memperalat hukum 
400,400,400,bsgussadardiri tingaldiambilhikmahnya gudtrskandakwah utkumatislam
401,401,401,akusalut dengan gus miftah mengakui kesalahannya dan ambilkeputusan yang terbaik menurut gus mengundurkan diri karena mengambilhilmah dari kejadian yang telah ia lakukan dan tidakmembela diri tapi justru kemudian mejaga kabinet bp presiden yang baru agar tidak berkepanjangan   dampak dari kehilafan yang ia lakukan tetap semangat gus dan bisa sebagai suri tauladan untuk gus2 yang lainya agar lebih berhati2 dalm mengembangkan ilmu agamanya yang utama dari sikap dan tutur katanya bisa bercermin pda nabiyulloh muhamad saw amiin
402,402,402,bagus sadar diri beralti dia orang kurang ajar tidak berakhlak memang tidak layak jadi utusan presiden
403,403,403,lebih parah mereka bahar smit rizik dan roky refly harun roy surya dan faisal asegaf menghina mecaci maki pemerintah tapi tdk ada yg berani tangkap merekadibandingkan dgn gus miftahini contoh kecil yg tdk ada persatuan diantara tim prabowopihak lain menertawakan kita
404,404,404,seharusnya memang layak utk mengundurkan diricontoh seorang ksatriaditunggu mentri ex kominfo yg tersandung judi online sesegera mungkin mengundurkan diri 
405,405,405,kuwalat paleng
406,406,406,memang wajib diberhentikan jika tdk ingin melakukan hal yg samadia bukan ulama ataupun penceramahmulutnya jahat sejahat yahudi
407,407,407,kou yg menghina orang lain sekarang mendapatkan balasannya kou direndahkan oleh orang lain itulah hukum karma
408,408,408,harapanku moga gus miftah menyadari akan kekilafanya memohon ampun kepada alloh dengan memperbanyak istifar agar mendapat pengampunan alloh swt
409,409,409,ini buat pelajaran kita semua bahwa adab lebih tinggi dari pada ilmu
410,410,410,tetap semangat gusjgn berenti melecehkan orang miskin jgn mewek dong kemaren di panggung begitu gagahnya ngatain orang goblok hahahaha
411,411,411,binatang
412,412,412,jani suroh al imrony di baca guss biar sy mgerti bunyi ayatnyg artiny ja
413,413,413,bagus mundurlah jdi staf khusus juga gk ccok rambut panjang mulut gk disiplin apa yg harus jdi contoh
414,414,414,sdh banyak yg tobat dari dakwah dia 
415,415,415,keputusan mu ituuuukarena kmu viralmembuat kmu di hina dan jadi malu
416,416,416,gara2 warganet bilang pecat2
417,417,417,bagus mnding mundur aj orng sprti itu msh bnyk orng baik ko
418,418,418,sukur alhamdulillah mau mengundurkan diri
419,419,419,penceramah kondangyg di idolakan banyak umat islamdg mudah dihinakan karena ucapanya    semua ini hanya allah yg maha tahu dari keasliannya
420,420,420,sukur alhamdulillah mau mengundurkan diri
421,421,421,
422,422,422,gus miftah  kesatria  
423,423,423,alhamdulillah tks ya allah smg yg bersangkutan kelak masuk surga 
424,424,424,sayang sekali bukanya dari kemarin kau mundurnya gus 
425,425,425,makan nya jngan sombong
426,426,426,menangis menyesal
427,427,427,lebih bagus begut shrusnya memberikan contoh yg baik apa lgi sorang tokoh agama malu atas apa yg tlah d lakukannyajangn mberikan contoh yg buruk
428,428,428,emang tak sepantasnya orang yang mencla mencle jadi utusan presidendulu menghina presiden sekarang menjilat
429,429,429,prabowo sangat percaya pada anda tetapi kepercayaan itu anda salah mempergunakan nya lebih2 menghina kehidupan org yg bekerja dg susah payah dan halal dari apa yg anda katakan kepada nya itu pembelajaran buat andabukan masalah kepercayaan prabowo tapi masalah omongan anda yg menghina org itu
430,430,430,kekhilafan itu cukup sekali dan 1 orang yg d hina n sampai berkali2 dan lebih dari 1 orang yg d hinaharusnya klo bekas dari anak jalanan lebih tau harga dirinya dan bisa menghargai orang2 miskin orang lemah bukannya d hina gus gus
431,431,431,blangkon itu simbol dari kebagusan hati dn jiwabukan simbol ucapan di lisan yg manissecara psikologi jiwamu memandang orang sebelah matabagiku lbih baik pake topi kyk aku
432,432,432,kemaren dg bangganya hina orang sekaeang namggis dg pembelaan diri dasar semprol
433,433,433,bercanda boleh tapi pada tempatnya dan jangan menyakiti orang
434,434,434,kan gus perna ngomong saya tidak butuh jabatan
435,435,435,penyesalan tidak akan merubah masa lalukekawatiran tidak akan merubah  masa depan
436,436,436,akhirnya kembali kederajad yang aslinya
437,437,437,harus kita renungkan sabda rosululloh saw  doa orang yg di dzolimi itu mustajab dan di lzabah oleh alloh swt
438,438,438,nasi dah jadi bubur
439,439,439,ga ada lg yg ngundang
440,440,440,gus bully aq mau di bully  jg biar dpt rezeki banyak
441,441,441,abdul somad saja gak gitu gitu amat mulut nya yg paparan nya jelas dakwah nya bagus ini mulut rusak ahlah 0
442,442,442,hebat bagus msh ada hati nurani mu jadikan semua ni pelajaran pak kdpn semoga jgn di ulangi lagi hati2 dalam berucap semua perkataan itu ada tempatnya
443,443,443,baca qs al hujurat ayat 11 sd 13 biar paham gus
444,444,444,bagus lh masa orang ber agamabisa merendah kan orang yg lg cari rizki
445,445,445,mknya lu pny mulut jgn asal jeplak sdr sm diri lu yg sdh d angkat derajatnya sm allah swt eh mlh menghuna orang lain jadi pendakwah itu harusnya tau memanusiakan manusia bukannya menghina dengan kt2 goublok n itulahjgn merasa sdh jadi pendakwah lalu dgn seenaknya pny mulut asal keluarbukan 1 2 orang yg lu hina hai pendakwah gk beradab
446,446,446,aku yakin kalau ada 10 orang saja ber jiwa seperti ini di indonesia pasti indonesia ini makmur mantap bg gus miftah
447,447,447,ga usah pake nangislah guswis kadong sego jadi buburmenghina mencela sampai sampai di sebelah mu tertawa terbahak bahak tanpa anda stop
448,448,448,yoh  seidaknya ijik duwe isin  wes munduro ra ono sing gondeli
449,449,449,udahlah miftah lebih baik kamu mundur sebelum dipecat secara tidak hormat
450,450,450,lengkap sudah bakso sama es tehgk bahaya ta
451,451,451,jangan nangis lokkkkkitu karma muuuuu lokmasih carmuk aja lok
452,452,452,sudah terll sering minta maaf harusya klo udah minta maaf jgn diulangi
453,453,453,ketika 1000 kebaikan di abaykan dengan 1 kesalahan begitulah manusiya yg gx punya hati nurani
454,454,454,orang yg pinter blm tentu benersedangkan orang yg bener billa berkata sangngat berhatipelajaran buat yg katanya gusini lh  pengallam ilmu tanpa gurusrkalipunya guru gurunyanya seindonesiambok mallu bin isiin
455,455,455,mantap saya salut sama gus miftah ini sudah direncanakan alloh swtbuat contoh di pemerintahan pak prabowo subianto barangkali nanti ada pejabat yg salah harus berani mengundurkan diri
456,456,456,senang hati dan bagus lah mundur biar gak terlalu cobak tunduk lah
457,457,457,mending mundur drpd bikin malu dan malu2 insgr bebenah dr
458,458,458,bagus masih punya rasa malu
459,459,459,mantab
460,460,460,dihancurkan allah dengan sehancur hancurnya alhmdllah ya rob
461,461,461,kalo dakwah membaca hadist atau isi quran liat tablet mah anak sd juga bisa
462,462,462,saya respek smoga allah memuliakan mu
463,463,463,ngga usah nangis guuus harus tegar setegar apa yang gus pernah ucapkan kepada orang lain guuus nangis minta belas kasihan dari bp presiden yaaaa biar di pindah kan jabatan nyah
464,464,464,dh jangan bersedih jika tidak mengundur diri juga akan di berhentikan 
465,465,465,nangiso seng banter
466,466,466,udlah gk usa exting lagi broair matamu tidak ngaru buatku
467,467,467,jadikan pembelajaran jgn berhenti di pak sunhaji sajatp utk yg lain jgkrn seblm nya jg mngkin bnyk yg tersinggung bahkan malu atas candaan yg maaf aroganjadilah penceramah yg menyejukkan bukan mengundang tertawaan berujung menjatuhkan mental  seseorangsemangat berhijrah gusmnjd lebih santun dalam menyampaikan dakwah
468,468,468,semuaini ada hikmahnyamudahan kedepanya bisa lbh santun dlm bertutur kata
469,469,469,alhamdullillahsudah faham dengan firman allah yang di baca sendirisemoga taubatnya di terima allah
470,470,470,orang laki bs nangis jg ya
471,471,471,lhooohbisa nangis alkhamdullilah kalau bisa nangis 
472,472,472,dawah nya yg byk arti bagi orang byk di seluruh nusantara bermanfaat bagi umatnya yg mampu mencerna tausyiahnya yg berilmu byk yg di petik dari seorang gus miftahhanya bagimu yg berbudi pekerti orang2 yg tau getir pahit kehidupanyg komen seenaknya cb bandingkan biodata gus miftah dgn kyai atau pendakwah lain secara detail di seluruh nusantara baik yg mna mas brow jd gus mundur dr jabatannya bukan karena salah sepenuhnya atas ungkapan itu kpda pjual es tehbagi saya itu kata2 biasaapapun ucapan nya tergantung penyampaian dan expresinya kbyakan yg komen gak bermutu asal ngejeplak ngaca donk siapa kt ukuran utk mjdi orang yg bisa membuat orang lain tersenyum berjuang dari utk diri sendiri hingga utk santri2 bahkan utk orang byk di negri ini tdk mudah dan tdk sbntar brow jd jgn bertepuk sebelah tangan buat siapapun anda mari kt sama2 bljar dari kesalahan yg tdk hanya sekedar ngomong sambil merokok yg harganya 35 rb perbungkus tiap hr tanpa menghiraukan sesama gus miftah luar biasa aku suka ceramah nya dan pingin ilmu nya semoga gus miftah selalu sehat di pjgkan umurnya aamiin salam warass
473,473,473,mangkanya ga usah aneh aneh ingat ada pribahasamulutmu harimau mu gus
474,474,474,banyak video orang yg dia hina buakan hanya satu kali makanya gua punya lisan dijaga inget gus dulu bukan siapa2 tapi karna kebaikan gus dimasa itu allah swt mengangkat derajat gua setelah diangkat derajatnya gus malah lupa dan angkuh makanya nikmat yg allah swt beeikan sekarang perlahan dicabut lagi oleh pemberi nikmat allah swt gus muhasabah diri siapa gus dulu sebelum dikenal orang
475,475,475,alhamdulillahahirnya
476,476,476,salut buat gus miftah panjenengan gentleman mengakui semuanya walaupun sebelumnya dalam desakan secara tidak langsung panjenengan diselamatkan mudah2an selalu istiqomah dalam misi berdakwah yang santun mudah2an selamat dunia dan akhirat aamiin
477,477,477,ngakak ala usman ali
478,478,478, kemarin dgn banga tertawa skrng mewek dgn rendah hati
479,479,479,ternyata cengeng jga
480,480,480,makax jadi orang jgn  suka meremdahkn orang lainjgn membusungkan dadadi atas langit masih ada langitperbuatan apapun pasti ada balasanxlebih baik intrufeksi diri
481,481,481,jgn lupa sholawatmu hasbi rabbi jaallahu masfikolbi ghoirullah
482,482,482,di tekan dri masyarakat gus karnatdk pantas lu jdi kabinetnya pak prabowo karna omonganmu yg sombong kemlinti
483,483,483,gus semangat trs maju trs agak saja ini adalah teguran dari alloh supaya gus menjadi pendakwah yg baik dn lbh baik  sht slalu gus
484,484,484,nauzubillah banyak lalat menghinggapi badannya pertanda apa  apa blm keramas malam jumat atau belum gosok gig salam dari persatuan lont
485,485,485,dh bgs jngan  bersedih jangan dalil 
486,486,486,tidak ada yang hebat di dunia ini kalau tidak ada akhlak tidak perlu dihormati
487,487,487,penjual es itu cari uang susah payahnya untuk nafkahin kluarganyamasih aja dihina
488,488,488,biasa bos politik
489,489,489,kalau boleh usulustad adi hidayat insya allah lebih tepat
490,490,490,belum khawat menerima pangkat dan jabatan 
491,491,491,siapapun dan dimanapun tetap bisa menjaga lisan dan ucapan
492,492,492,ah pencitraanlebih baik mundur daripada menimbulkan banyak fitnah karna belum cocok jd pejabat
493,493,493,smg kdpnnylbh baik  n lbh bisa mnjga n mnghrgai orng lain
494,494,494,dulatttt
495,495,495,nasib bisa di robah tapi takdir dari ilahi g mungkin bisa di robah nya smg semua menjadikan perhatian dan jadikan sebuah hikmah yg terbaik
496,496,496,respect sama gus miftahberani berbuat berani bertanggung jawabjgn di ulangi lagi ya guspelajaran buat kita semua
497,497,497,gus antum dipercaya sm pak prabowo loh tp knp sprti itu gus surat alimron ayat 26 msh antum liat diteksastagfirullah gus
498,498,498,ya alhamdulliah yg ga kuat memikul tnggung jawabagama dan negara
499,499,499,sementara sekali jabatannya mas belum bekerja sudah habis mas seng sabar yo mas dakwahnya di musola wae lbh bagus
500,500,500,itu nama nya lakiklau salah ngaku salah  jd pantas klau gus ngundur kn diri  akhlak nya blm bersih
501,501,501,klu dikit2 salah ngomong mundur dari jabatan  ini merupakan kelengahan dan ketidak dewasanya sehingga lawan pasti tepuk tangan dan gembira  perlu kehati hatian tuk semuanya
502,502,502,alhamdulillah nyadar diri
503,503,503,gus makanya lain kali kalau guyon hati2
504,504,504,apapun keputusanmu itulah hasil perbuatanmu yg kau tuai
505,505,505,mundur memang masih bnyk yg lebih bagus dari yg bagus memalukan presiden
506,506,506, gus miftahalhamdulillah panjenengan bersikap legowokarena kejadian itu orangorang  banyak yg menghujat panjenengan tapi saya pribadi tetap senang pada panjenengan karena dengan ucapan panjenengan pak sunhaji langsung terangkat derajatnya ini menjadi bukti nyata kebenaran ayatayat alloh semoga menjadi pelajaran bagi kita semuatetap semangat utk berdakwah dengan gaya karakter panjenengan dengan tulus karena alloh
507,507,507,tangisan p3nyesalan mau jadi pejabat g jadi yq mif
508,508,508,bener apa yang engkau baca tadi di dalam surah al imranbahwasanya allah sangat mudah memuliakan seseorang dan menghinakan seseorangmungkin ini yg sedang kau alami karena mulutmu yg gk bisa disaring disetiap memberi dakwah
509,509,509,lebih baik ngundurkan diri bro biar aman pedagang miskin
510,510,510,alhamdulillah
511,511,511,alhamdulillah beliau mundur
512,512,512,kok cengeng sih taim
513,513,513,bgi para semua yg komen kl komen mkr dlu dong manusia di dunia itu ga ada yg sempurna semua pnya kehilafan tp knpa seorg gus miftah makinntrpojok dan di pojokan hay pa sunami di mana hr nuranimu skrg bgn pa bnyak yg lain hdpnya di bawah sampean  bangun pa sunaji
514,514,514,begitu songongnya akhir nya nangis nyesel ya
515,515,515,semangat gus itu semua kehendak yang maha kuasa
516,516,516,alhamdulillah
517,517,517,dulu pernah menghina gus samsudin
518,518,518,mungkin karma karena orogan waktu kmpanye pilpres
519,519,519,bagus undur sendiri daripada dipecat terasa hinadilihat dari segi penampilan pun orgnya seperti org tidak berilmu agamahanya penunggang agama demi jabatan dan wangmalunya sepanjang hayatbalik kamunglah kawan belajar hukum islam sedalamdalamnyasok sok alim
520,520,520,itu artinya allah tdk merestui
521,521,521,tetap semangat gus masih banyak yg mencintai mu kerna kami tau gus  adalah org baik dan bisa membuat motifasi buat kami tentang agama dengan carah gus mita
522,522,522,lapo nangis barang ngk jentelmen biasae ngablak ae
523,523,523,baru jdi staf presiden jd ga lulus   apa lagi jka bicara dakwah agama banyak yg kontrofersiapakah anda bisa lulus di mata allah  wallahu aklam
524,524,524,inilah nma gusustad jangan kan perkataan bnar nya perkataan buruk nya juga bisa ngangkat derajat nya orang tersebut mudahan smua nya dpat hikmah nya  dari yg baik mnjadi lebih baik dari yg buruk mnjadi baik
525,525,525,katanya menghormati menghargai rakyat tetapi sampai bilang rakyat goblok apakah itu yang di katakan menghargai rakyat
526,526,526,kesombongan menghancurkan segalanya
527,527,527,setiap ceramah mu aklak terlalu rendah meremah kn orang engk ada bezanya sama si bahar sama aja
528,528,528,nk dakwah yg baik2 kyo gtu lelucon tok isine
529,529,529,ngak usah menangis gus
530,530,530,ente sih dr dulu dah kelaquanngomong gak di ayak
531,531,531,kadang mmg ga bisa tahan lisan  ni orang
532,532,532,sabar gusmanusia tidak luput dari kesalahan semoga ada hikmahy
533,533,533,           
534,534,534,ya gitu dong lebih baik mundur terhormat dari pada bertahan nanti rakyat tambah muak melihatnya
535,535,535,jgn bawa dalil agama krna anda tau agama tapi ucapanya ga mencerminkan agama 
536,536,536,la ngeneki coba pie hti nuraninya pa sunami trhdp gus miftah krna gara2 gus miftah sampean jd banjir rejeki trima kasihmu sm gus miftah mana pa sunami jgn diam aja lo udh bnjr rejeki gra2 gus miftah
537,537,537,gus aku pisohano  ben oleh duwet akeh ambil hikmahnya tukang es dpat rejeki bnyak perantara gus miftah allah ngasih rejeki jalan nya lewat ini semangat gus
538,538,538,gus dikerubungi lalat gus mungkin belum mandi gus maaf gus guyon
539,539,539,dengan kejadian ini semoga menjadi pribadi yang lebih baik dan bertutur kata dengan baik dalam berdakwah
540,540,540,itulah jaga lisan   jgn ngerendahin org sembarangn allah angkat derajat manusia g tanggung2  langsung melesat
541,541,541,kebanyakan dalil sok ndalili percuillll ciiiuuk
542,542,542,ojo nangis mas jabatan yg paling utama yg tidak menghina orang lain itu jabatan kekal
543,543,543,menangis karna ditekan suruh mundur
544,544,544,mudah2an gus miftah selalu di berkahi semua  aktipitasnya oleh alloh amin
545,545,545,baguss lah klo mundur
546,546,546,tuh yg di samping kiri kanan gus miftah yg tertawa terbahak bahak suruh minta maaf juga
547,547,547,syukur lah kalo sadar diri
548,548,548,kalo aku sih yes
549,549,549,ambil pelajaran n hikmah dari kejadian inibuat kita semuadan klu allah swt menghendaki semuanya bisa terjadi
550,550,550,lidah licin bawa berkah penjual es teh amin  dan bawa aib utk diri sendiri 
551,551,551,jadilah ulama yang berakhlak mulia biar jadi panutan
552,552,552,skrng bkn gus lagi gus itu asli keturunan dr kiyaijadi skrng kembali ke pengaturan awal taim
553,553,553,alhamdulillah sadar 
554,554,554,gayamu sok sok an mewek
555,555,555,hmmmgus gus miftah sudah semakin tenar tenar tenarmalah mencacat orang dengan omongannya yang menyakiti hati dengan penjual minumanbikin semua gregetan sebagai seorang ustad tersohormalah mencacat sendiri atas omongan yang hina rakyat bawah cacat sekali bisa cacat seumur hidup lhoo ustad usahakan gus miftah perbaiki lah perlakuannya seperti awal2 merintis ketenarannya
556,556,556,makanya jangan jorok klau ngomong gussekarang klihatan kalau cengeng
557,557,557,bagusssss lebih baik mundurrrkarena gusssmasihhh jauhhh belum layakkkkilmu dan adam nyamasih rendahhh
558,558,558,lebih hormat mengundurkan diri dari pada dapat surat suruh mengundurkan diri lebih baik sadar dari pada di sadarkan dan ingat murka allah lebih penting kita pertimbangkan daripada jabatan
559,559,559,kog nangis gak mentang2 spt saat ngata ngatai penjual es teh yg lalubagus mengundurkan diri sajabagusdari marginal lupa aslinya saat ngata ngatai penjual es teh
560,560,560,ngocehhhh trussss kamu mitta uda salah  y salah   jdi orang jgn smbong
561,561,561,alhmdllh mundur rugi saya bayar pajak buat ngegaji pejabat kaya lu miftha  baru sebulan di lantik  bukannya melayani ke masyarakat malah menghina masyarakat
562,562,562,smoga saja ini buat contoh bagi mubalig  kiyai dan habib serta ustad    jngan sampay seperti ini karna manusia dilahirkan ke dunia dalam keadaan telanjang pulangpun tlanjang    janda ada yg sempurna
563,563,563,kita jgn bicara masalah pendapatan penjual estehnya duludari mengenai ucapannya gusmiftah lbh dahulumenurutku tsk selayaknya di ucapkan kata kotor merendahkan oranglain yg dgn sekelasnya toko agamapemuka agamajustru gusmiftahlah yg kasih contoh terbaik di hadapan masyarakat lingkungan di sekitar
564,564,564,gantle dan ksatria hanya iblis jumawa yang tidak bisa meminta maaf dan memaafkan seperti komentatorkomentator nyinyir pada  konten ini
565,565,565, gus miftah
566,566,566,mending jadi warga biasa sederhana mas miftahsalut aku semoga tetap jadi ustadz yg baik
567,567,567,ngelawak wae taim pasti pas buat ente yg slengean
568,568,568,ohhh iya ya kan kamu mundur karena keinginan tekanan yg kuat dari masyarakat indonesia  atas semua tingkah lakumu mbah miftah 
569,569,569,jadi kebelakangnya kalau mau bicara pikir dulu gus jangan asal ngomong andai korban nya orang madura sudah habis kau gus
570,570,570,sabar gus miftahyg sabar yasetiap manusia tidak ada yg  sempurna
571,571,571,klo gue punya prinsip klo kt akan dihormati dan dihargai orang maka kt hotmatilah dn hargailah orang lain  yg tidak mengenal baik yg tinggi maupun yg rendah itu prinsip gue
572,572,572,semoga gus miftah mundur nya dr stap ke presiden mundur juga dr mihibin habib
573,573,573,bener sampean sadar
574,574,574,lantas bagaimana manusia2 yg tidak ada henti2nya menghujat  mengihina  merendah rendahkan pak jokowi dan sekeluarganya hingga sekarangapakah di biarkan begitu sajaatau perlukah di rujak habis2an
575,575,575,inilah nama kehancuramu dus miftah jangan mentangustat terkenal lupa daratan
576,576,576,andai tukang ngakak itu tidak ada disitu mungkin tidak seheboh ini entah mengapa damage ngakak itu bikin geram netizen
577,577,577,mulut mu adalah harimau mu dan ambil saja hikmah nya
578,578,578,makanya kalau ceramah jangan cengegesan mulu akhirnya blunder 
579,579,579,apakabar nya dengan orang yg tertawa nya oper yg di samping kanan kiri mbah miftah belum ada klarifikasi permohonan maaf nya
580,580,580,berhati2lah gus kehancuran mu pasti akan d tunggu oleh org2 yg selama ini kontra kpd pak prabowo
581,581,581,alhamdulillahini pelajaran buat kita semua
582,582,582,mkanja atiati bekerja ucapan darimulutkita adalah doa
583,583,583,sebagai teladan buat kita semuatiada yg sempurna kehilapn adalah guru klebihan adalah titipan allah
584,584,584,kapok kuwi karmamu tat
585,585,585,semangat pk gus miftah manusia gak ada yang sempurnagak ada yg luput dari kesalahan pk gus miftah
586,586,586,1000 kebaikan tdk akan terlihat dgn 1 kesalahan semangat gus aku yakin pean orang baik
587,587,587,ada sebab ada akibatkita kembalikan pada diri kita  sendiriapa ini yg dinamakan qadho dan qodar
588,588,588,diangkat derajadnya seseorang dapat terjadi karena adanya penghinaan atau pelecehan dan swseorang akan terhina dengan sehina hinanya adalah karena dirinya sendiri
589,589,589,pintar dakwah   tapi mnghina orang  hadeeeeeh   ilmu agamanya tunggu selangit   tapi ga punya ahlak dan adab
590,590,590,pantas miftha maulana di beri hukuman fisik karena mempermalukan pemerintah saat ini pura2 lagi orangnya beriman 
591,591,591,ini lah yg pepatah bilang mulut mu adalah harimaumu mk hati 2 gunakan mulut mu
592,592,592,mundur jaoh  boss
593,593,593,inilah yg bukti dari kata2 nasehatmulutmu adalah harimaumusemoga jd pembelajaran berharga utk kita semua
594,594,594,sabar aja semua itu kehendak yg maha kuasa yg penting kita merasa bersalah dg kesalahan tanpa di sengaja orang ga ada yg sempurna kita semua ga usah menghujat dg kesalahan tpi harus belajar dari kesalahanomongan salah kl jd berkah sama orang yg kena ledekan yg penting yg di ledek dan terhina kan ga merasa apa2 apa lgh ke jadian ini jd hikmah dan berkah orang itu jd ter angkat harkat derajat nya amiin
595,595,595,inilah akibat org usil vidio lama di putar kembali buat bg gus miftah bersabar ulah ulah org iri dengki di balik semua inih
596,596,596,di negeri ini sdh terlalu banyak gus gus palsu yg meninggikan drajatnya sendiri
597,597,597,alhamdulillah bang kau sadarmulutmu adalah harimaumu bangapa yang kau tanam ituyang kau tuaijangan sudah merasa kita memiliki segalanya dan apa yang kita inginkan pasti adajangan sekalipun kita merendahkan derajat orang yang tidak punyatidak mampu
598,598,598,jangan nangislah klo berjiwa besar
599,599,599,gus miftah orang baikdia sudah tau sebelumnyadia memang senggaja menghina bapak penjual es tehsupaya jadi viral bapak jual es teh jadi orang terkenal buktinya nyata jadi kebenaranbuat bpk penjual es teh seharusnya berterima kasih banyak dan memaafkan gus miftah
600,600,600,hore mifta mundur
601,601,601,ko nangis kamu lakilaki kan
602,602,602,yes akhirnya
603,603,603,mohon maaf sebelumnya bisa kita mabil hikmah dari setiap kejadian ini mungkin allah swt  mengangkat derajat seorang bapak sunhaji melalui seorang ustadz miftah dan hal ini menjadikan sebuah pembelajaran untuk ustadz miftah dan untuk kita semua dalam segi perkataan atau prilaku 
604,604,604,mana2 pejabat yg suka mengecil ngecilkanmenghina warga sipil selepas ini kena berani buat tindakn yg sama dgn gus miftahjgn udah salah mcm2 alasan pula untuk pertahan jawatanberani bt berani tanggungbaru gentle
605,605,605,percuma punya gelar agama atau gelar pendidikan percuma paham agama klu tidak punya ahlak adab actituteseorang pabrik figur hrs nya memberi contoh yg baik tutur kata prilaku bahasa ingt semua hanya bersifat sementara dan titipan kun fayakun  klu kata2 goblok di sampaikan kepada para koruptor pejabat nakal para penjilat itu baru pasdoa orng terzolimi lbh d dengar oleh allah silahkn buktikan hancur wibawa anda
606,606,606,semoga dapat di contoh oleh para pejabat yg lain sikap legowo mau melepaskan jabatan nya jika terbukti tidak layak lgi untuk menjabat sebuah jabatan 
607,607,607,lebih baik begitu biar jadi contoh aparat negara lainya semangat gus
608,608,608,ya dri pada di pecat mengatasnamakan mundur
609,609,609,bak pitatah mulutmu harimaumuyg akan menerkammu
610,610,610,anda mencoret nama anda sediri mencoreng muka dengan kata gmu
611,611,611,lebih baik mengundurkan diri dari jabatan pendakwah dan juga jangan menangis apa dihati ada penyesalan tuk meninggalkan
612,612,612,ambil hikmahnya bisa ditiru oleh pejabat atau siapapun atas perbuatannya
613,613,613,
614,614,614,sy suka gus miftah tdk munafik ceramah di mana saja
615,615,615,aku ngga mudeng dg sgl alasannya makin banyak bicara makin kurang simpati sudahlah yg penting banyak2 lah bermuhasabah
616,616,616,sayang ya gus jabatan terhormat yg dipercayakan utk lkut membangun bangsa dan negara cuma seumur jagung
617,617,617,setingkat ustadz ojo olok olok lah olok olok itu di larang oleh agama
618,618,618,mohon maaf bukan sama manusia manusia ga bisa apa apa mohon maaf dan ampun kepada allah mudah 2 ujian ini menjadi lebih baik lagi dan berakhlak kepada muslim yang miskin ilmu
619,619,619,betul guspunya dawah masing  karakter berbeda
620,620,620,ya mau ga mau harus bgtupk agusibarat org lg jalan kepleset pkbuat yg lain sebagai panutan agamajaga lisan andamulut mu adalah harimaumu
621,621,621,sabar gus sabar inih haya cobaan org org di blkang sampean masi bisa memaklumi manusia tempat y salah dan khilap
622,622,622,jadikan semuanya pelajaran dn pengalamanhidup  serta berusaha menjadi lebih baik
623,623,623,kami tidak perlu dakwah mujijik mendengar nya lebih baik jaul teh manis masih ada rasapercuma jual agama tidak punya rasa 
624,624,624,asalamualaikum gus alloh maha pengasih dan peyanyang manusiya tida luput dari semuda kesalahan
625,625,625,fyp gus sampe luar negri gus hebat anda
626,626,626,mundur sja itu lebih baguspintar aja baca firman allah tpi ga bisa jg mulutsaya sangat bersyukur klo anda mundur
627,627,627,ngak pp mundur mas gondrongwalaupun punya ilmu tinggi jgn rendahkan orang lainbiasa saja ngk usah nangiswaktu modohkan orang kok ketawa
628,628,628,jangan buka2 ayat gus udh ngk pantas
629,629,629,ngomong apa gus lain cerita mu
630,630,630,menurut saya setiap orang ada kesalahannya jika gus miftah orang baik ada kesalahan kita harus memaafkannya
631,631,631,assalamualaikummasa allahini lah sosok penceramah stapsus presiden yang dmn di saat berceramah guyonan nyah tak sengaja lukai hati orang lainmohon maaf dn mundurkan diri tampa keterpaksaan orang lain saya amat sangat kagum denganustad yusnitaatas kerendahan hati ustad  mohon berbeda dengan penceramah yng lain  mengkritik menyinggung dn hina merasa orang yang paling sucisemoga allah swt memberikan kesehatan dan selalu dlm lindungan allah swt amin
632,632,632,betullbanyak hikmahx bagi bpk penjual es itu karena nasibx berubah total karna kata kata gus miftah
633,633,633,gus miftah berjiwa besarhanya allah yg maha memiliki kesempurnaanallohu akbar
634,634,634,rezeki urusan alloh bukan ustad bukan gus gus bukan bro bayangkan kalo yg di bilang goblok bapa lu gmna sakit hati gak
635,635,635,salut buat gus miftah jentel man sejati berjuang bukan karena jabatan tapi berjuang ikhlas karena agama 
636,636,636,mulutmu harimaumuambil hikmahnya
637,637,637,tampang jauh dari ulama  dia sendiri pernah bilang di pondok hamya penjaga kandang ayam
638,638,638,freeetttt tisu mana tisuuuu
639,639,639,alhamdulillah ya allah akhir nya apa yg di inginkan masyarakat indonesia terjadi hari ini   semoga mendapatkan pengganti yg lebih baik lgi yg mempunyai adab dan etika sebagai pejabat pelayan masyarakat  
640,640,640,jual es teh aja miftah jgn sok tau agama allah buka kedokmu
641,641,641,sejarah baru di indonesia gara2 kalimat gus miftah hikmahnya membawa rezeki yg luar biasa buat penjual es teh adlh sebuah anugerah kemuliaan yg tertinggi  krna baru kali ini rakyat biasa seorang gus miftah bs lsg di percaya oleh seorang presiden ri pdhal spjg indonesia merdeka blm ada ambil hikmahnya utk saudaraku di tanah air
642,642,642,gentleman semoga dikuti pejabar  yg salah atau korup
643,643,643,suka kamu mundur ia tak mundur pun ia 
644,644,644,makanya jangan arogan 
645,645,645,yang tertawa terbahakbahak macam mau lompat sebelah kanan gus miftah itu parah juga
646,646,646,alhamdulillah kalau sadar diri
647,647,647,kok bisanya masih gak mau mengakui bhwa  kamu di pecat itu atas permintaan seluruh rakyat indonesia
648,648,648,ganti sama tgbbaru mantaap
649,649,649,bukan soal ratusan jutaini msalah akhlak dari seorang ulama yang tidak sepatutnya mengeluarkan kalimat kotormulutmu harimaumu
650,650,650,betul guspunya dawah masing  karakter berbeda
651,651,651,baguuus mundur ajja udah titik
652,652,652,ketika amanah kita lebih besar lebih berat dan jadi panutan umat alangkah lebih baiknya kita lebih menjaga lisankarna lisan bisa menaikkan derajat kita dan juga bisa menjatuhkan kita semoga kita bs menjadi manusia yg slalu introspeksi diri  dan berhati2 dalam berucap
653,653,653,mulutmu adalah harimaumu
654,654,654,gitu donglebih di jaga lisanmulidah itu lebih tajam dari pedang 
655,655,655,keputusan itu karna di suruh presiden parabowopastinya
656,656,656,bukan pertama kali gus miftah menghina penjual es tehini karena viral saja dia mau minta maaf
657,657,657,drama ygsangat membagong kan
658,658,658,baguuus bangeet dari pd membawa nama presiden dan syiear islam tercemar oleh orang islam yg arogannn kaya habib no  rusak ajaran islammm dari nabi saw
659,659,659,miftaj terlalu banyak komen singkat saja jelas dan padat tak perlu penjelsan
660,660,660,jadikan  pembelajaran kita semua ambil hikmahnya
661,661,661,pembelajaran ke depan mnjd lbh baik tetep semangat 
662,662,662,kadang manusia lupa kalo lagi diatas
663,663,663,diambil hikmahnya gus semoga dg kejadian ini bisa menjadi pribadi yang lebih santun allah menegur anda lewat bapak penjual es teh karena dg kejadian ini akhirnya anda sadar jika selama ini perkataan yang anda anggap sepele ternyata banyak menyakiti hati orang lain
664,664,664,mundur saja nggk ad gunanya
665,665,665,kali ini saya respek kepada anda gus miftah
666,666,666,diangkat derajat anda miftah tapi lupa diri karna jabatan dan tenar menjatuhkan derajat pedagang kecil anda miftah meredahkan org hari ini anda berbalik yg direndahkan
667,667,667,beliau di pecat olh pak prabowo tp bilangnya mundur dg tujuan menutupi rasa malu karna pemecatan itu
668,668,668,nangisi opo gus
669,669,669,lebih baik mundur lach gus dari pada lisan mu tidak bisa dijaga etika nya terhadap wong cilekhabis mundur terus jualan es teh aja gus
670,670,670,gua ga butuh gombalan lu bro
671,671,671,sudah terlambat kang untuk meyesal perbuatan  mu
672,672,672,tepat sekali karna itu memang gak tepat kalau buat orang yg tidak tepat mungkin lebih terhormat kalau mengundurkan diri saja
673,673,673,alhamdulila gus  kembali ke pitra manusia smoga di ridhoi allah swt
674,674,674,si miftah anda terlalu sombongkarna posisi lagi di atasliat kebawah yg lain keciltidak kontrol diri lupa diri lupa daratan
675,675,675,kuasa allah swt itu benar adanya jangan menghina orang lemah  krn mereka doanya tembus kelangit tanpa ada halangan
676,676,676,jooooskiyai gk pantes di anutgk punya adab suka merendah kan orang
677,677,677,ganti habib jafar nih mantap
678,678,678,yayaya jiwa kesatria gus gk ada perlu vidio model gini
679,679,679,bagus dan sempurnakan dulu jiwanya karena kekhilafan yg berulang ulang itu adalah penyakit
680,680,680,yayaya jiwa kesatria gus gk ada perlu vidio model gini
681,681,681,mudah mudahan ada pekerjaan yg lebih baik ya pak gus jgn bercanda sama pedagang yg lebih tua semangat gus miftah
682,682,682,akui kesalahanmuitu smua ulah kamu sematakamu cocoknya membanyolkamu gak patut jadi pendakwahkalau sudah begini silahkan kamu tertawa spuas puasnya
683,683,683,yayaya jiwa kesatria gus gk ada perlu vidio model gini
684,684,684,skalian sama orang2 yg disekeliling gus miftah
685,685,685,bisa dicontoh pejabat yg lain  termasuk yg korupsi mundur
686,686,686,mudur alon2 lebih baik dari pada mudur lompatyang jelas pada hikmah nya ke bapak penjual es  rendah di mata manusia tinggi di mata allahsakit kalu jdi anak orang tua di buat kaya gini 
687,687,687,prilaku dan titut itu perlu
688,688,688,tak layak lo jadi seorang penceramah karna tak sesuai dgn ucapanmu banyak belajar lagi ya salamatul insan bihifdil lisan ingat itu
689,689,689,hilaf nya orang alim masih membawa keberkahan pada orang lain
690,690,690,jgn bicara  allah  ustad apaan itu menghina wong cilik  belajar dulu lu ilmu tauhid 100tahun lgi baru lu jdi ustad
691,691,691,syukurlah jika gus menyadari nya
692,692,692,prilaku dan titut itu perlu
693,693,693,jempol buat gus miftah yg ga membela diri atau mencari pembenaran mengakui kesalahan dan kekeliruanya insyaallah allah akan memaafkannya karrna semua sudah kehendaknya
694,694,694,beda dengan  pemilik akun fufu fafa ya
695,695,695,kedepan lebih hati2 dalam berucap kang gus apalagi sbg pendakwah bahkan kanjeng nabi saja santun dalam menyebarkan agama islam suri tauladan yang baik
696,696,696,kasian bener bapak mini  aku sedih pak liatnya   betul itu pak kebeneran itu milik allah
697,697,697,hahaha ogah banget semangati orang sombong salam dari banten
698,698,698,bapak gus saya banhgga dengan  engkaukarna allah mengangkat drajat tukang es melalui engkauengkau tidak bersalahjustru saya bangga dengan engkauinilah indahnya islamamin
699,699,699,sudah pantas mundur  yang pantas abdul somad n adi hidayat keduanya pandai dan istiqomah 
700,700,700,lebih baik mundur dari pada bikin malu
701,701,701,mungkin itu sudah takdirmu gus
702,702,702,udah keenakan menghina sesama manusiamakanya ke bablasan alias rem bloongsemoga menjadi pelajaran buatmu miftah
703,703,703,saya mengundurkan diri karena ada tekanan bro
704,704,704,sebelum di lengserkan akir nya mengundurkan diri
705,705,705,kuwalat kamugus
706,706,706,benar sekali presiden pak prabowo mundur dari staf khusus gus mifta presiden pak prabowo indonesia mantap jos yes 
707,707,707,ok
708,708,708,gaya mu gus  gus    dasar  jongos  habib 
709,709,709,hahahaj kamoklase saja kata mengundurkan diri yg mungkin sdh dpt bocoran bakalan dipecatkarna tdk mau malu yakh secepatnya mengundurkan diri hahaha biar terkesan kesatria 
710,710,710,akhirnyapreman diskotik dgn sadar diri mundur jugaalih tersedulalu gmna perihnya tukang es yg direndahkan dimuka ribuan manusia  air matamu hanya sesaatgmna dgn air mata tukang es yg mencari nafkah halal yg kamu rendahkan emmm
711,711,711,gara sombong ya gus
712,712,712,cukur rambutmu miftahkaya pereman pasar ajague lihat usraz di indonesia baru kali ini lihat ustaz gondrong 
713,713,713,yayaya nm
714,714,714,alhamdulillah sekarang bang gusmitftah jd wong cilik lg
715,715,715,ikut sedih gussy ngepens banget dr awal dawah
716,716,716,setau saya orang baik apalagi sudah dipanggil ustas itu biasanya tutur sapanya lembut dn sabarmaaf apakah itu tangis kepalsuan tidak menyentuh hati
717,717,717,iya lah harus mudur ngga menyontoh yang baek 
718,718,718,dia sambil baca karangannya ya kalau bgtu bukan ucapan dari hatinya
719,719,719,alhamdulillah allah telah memperlihatkan kekuasaan nya
720,720,720,engkau berhati mulia saya yakin itu lanjutkan perjuangan mu doaku mohon kepada allah selmat dunia aherat
721,721,721,mf gus krna smpean udah nandur kta yg sllu menyakitkan hti orng2 yg ingin bljar sma anda mlh smpean bnyak kta2 yg bkin orng skit hati hri ini smpean menen hasil dari buatan smpean sndri mf gus sllu banyak istifar smga ini jdi pljran buat kita smua
722,722,722,itu jiwa kesatriya bisa mengakui kesalahanya cubo yg koropsi pasti gk berani 
723,723,723,nggak usah begitu yang penting kmu tanggung jawab nanti di akerat bersama kru mu yang ngakak ketawanya sebagai kayu vakar neraka itu yaa ustad macam gini nih rasakan nanyi balasan dari slloh yang maha dah syaat
724,724,724,cocok jadi anggota ketoprak humor
725,725,725,lucu ni murah berkah
726,726,726,kemaren ketawasekarang mewek
727,727,727,semangat gus orang yg benci yg menghujat ini itu manusia ada hilapnya
728,728,728,benar sekali presiden pak prabowo mundur staf khusus gus mifta presiden pak prabowo indonesia mantap jos yes 
729,729,729,nah gitu dong miftah mundur jadi utusan presiden daripada di pecat karena msh bnyk ustad yg lebih baik
730,730,730,ngapain nangis itu kan kesalahan lo sendiri makanya kalo ngomong hati2 ap lagi lo bisa ngomongin orang lain nasehati orang lain tp ucapanmu sangat buruk sekali
731,731,731,bisa di contoh sifat kesatria nya semoga jadi contoh buat para pejabat yang 
732,732,732,alhamdulillah pembuli wong melarat mengundurkan diri gusti allah mboten sare
733,733,733,mtak na ulah sa ucap2 na lmun lain ucapeunana
734,734,734,bagus dh lu mundur sblm dipecat
735,735,735,tuh buat contoh yg lain
736,736,736,butuh waktu ingin dihargai dihormati sesama jangan mentang2 dipercaya presiden ya yg bisa menunjukan
737,737,737,ceramahnya  juga mundur   juga  agar kata  tidak beradab tidak menular
738,738,738,jgn nangis gus air mata loh buaya mngkanye jngn loh tggiin ilmu tapi adab jg
739,739,739,hore hore hore hahaha wkwkwk
740,740,740,dimanapun dan kepada siapapunjagalah lisanmuini contoh
741,741,741,benar sekali presiden pak prabowo mundur staf khusus presiden pak prabowo mantap jos yes 
742,742,742,pada cekak pikiranya itu hanya dibilang goblok  dari lisan yg selalu baik penjual  s  bisa kejatuhan rezekimasyaalloh coba yg bilang pendakwa yg mulutnya sering caci maki yg kotor bilang gobllok  ada yg ngajak umroh  saya yakin itu reflek dan candaan sdh minta maaf itu sdh luar bisa pada cekak pikiranyapada ego bukanya sy  membela gus mifta
743,743,743,makanya jangan asalasalan ngomong introspeksi diri
744,744,744,mendingan jadi pelawak itu malah cocokgak usah berlagak pake nangis sgalagak usah exting
745,745,745,bukan kesadarn loh gus tapi dh bnyak masyarakat supaya loh d pecat sm pak prabowobisa aj loh komentar
746,746,746,jiwa satria yg perlu d contoh
747,747,747,hahahaha pan nangis miptah kmu bkn pecramah tpi tukang obat keliling mip
748,748,748,ceramah gx berpaedah
749,749,749,syukur dah tenang 
750,750,750,semangat gus jabatan jangan di tangisijadi pendakwah yg ikhlas lebih mulia di hadapan allah
751,751,751,mewek
752,752,752,penyesalan itu datang diakhirdan rasa bersalah itu kita anggap suatu dosa semoga kejadian ini tidak terulang lagi untuk gus gus yang lainkarena sejatinya semua makhluk adalah samatiada berbedadan tidak ada yang bisa membedakaningat alloh maha penyayang untuk semua umat dan hambanya
753,753,753,menangis krn dapat tekanan ya menangis krn mundur jabatan yaintinya gila jabatangk sebanding kamu ngomong pelecehan ke orang sekarang menangisbagus lah klo miftah mundur 
754,754,754,salahe gus miftah saja manfaat untuk orang lain apalagi beneresaya tahu gus miftah itu kasar  tapi gus miftah itu orang yg menyanyangi orang lainjuga sangat menghormati isterinya maka rezekinya lancar
755,755,755,mungkin alloh juga memaaf kan masa sesama manudia tdk memaaf kan ssmpei hrs undur diri
756,756,756,ngono ko nangis garangnya mulutmu kepada orang lemah seperti penjual es waktu itu sekarang nangis
757,757,757,loe enggak pantas jadi kyai  loe itu bisanya menghina pedagang kecil
758,758,758,jngn nangis dong jantan jantandongko nangis sihmalu lah
759,759,759,udah biasa hina orang bukan kecoplosan itu bagus lah dia mundur
760,760,760,demi  indonesia maju
761,761,761,ngapin menangis
762,762,762,alah gk usah berdalilkenyataannya mulut kamu kotortingkah lakumu menjijikkan
763,763,763,syukurlah kl anda sadar diri untuk mengundurkan diri
764,764,764,preeeeeeeeettttttttt
765,765,765,ah sku mah tdk setuju
766,766,766,sabar bos inggat tihan
767,767,767,ngajari adab ga iso nglakoni gus gus sedih aku gus
768,768,768,ngaku hilap setiap ceramah maki org lain kapan membuat benar sama bangsa indonesia
769,769,769,kalau dinilai dr kaca mata hakikat gus miftah ya ga salah  krn dibuat alat atau lantaran utk mengangkat derajat si penjual es
770,770,770,diambil hikmahnya di lihat dari segala sisi sudut pandang mungkin sudah takdir dan kehendak alloh swt untuk mengakat derajatnya bapak sunhaji dg cara menhadiri acara mas miftah
771,771,771,alhamdulillah
772,772,772,tertekan ni ya 
773,773,773,viral ucapan kontroversi tepatkah gus miftah mundur
774,774,774,gus miftah manusia yg gak beradabdasar munafik
775,775,775,seharus nya tdk hrs mundur nama nya juga mnusia gus juga mnusia ga sampei segituh nya
776,776,776,mangkanya ngaji rasa gus mulut mu adalah harimau mu
777,777,777,ceramah gus sudah tak ada maknanya lg buat malu gus2 saja bagus kau undur kerna tak layak kau bergelar gus
778,778,778,mantap
779,779,779,syukurlah kalau sadar diri
780,780,780,bagus jika mundur buat malu aja sebagai ustadz
781,781,781,ga usah nangis lah g ad guna y g tau diri ustad ko koyo ngene
782,782,782,nangis di buat2 sombong si u asal ceramah saya mau di angkat jadi mentri agama sama prabowo saya tolakskrng mlh ancur krna kesombongan
783,783,783,amin yang sabar pak ustazd mungkin allah berkehendak lain semoga gus selalu di beri hidayah
784,784,784,bahahahamantap
785,785,785,smua manusia py kekurangan bs hilaf  yg comen jgn byk bacot
786,786,786,itu baru bener mas gusssss
787,787,787,ya bagus la kau mundur
788,788,788,nagis darah pun aku tak kasian mulut pedas lagi menjabat
789,789,789,jd kan prlajaran pengalaman ok
790,790,790,sangat ksatria semangat gus miftah
791,791,791,mulutmu adalah harimaumu
792,792,792,percayalah allah bersama kita gus 
793,793,793,mk ya gus walau sudah di atas tetap andap angsor adap itu jauh lebih penting dr pada ilmu  orang yg beradap sudah pasti berilmu sekarang bnyk orang yg berilmu pinter tp adap ya salah kaprah semoga kedepan ya bs berubah menjadi lebih baik lg gus miftah
794,794,794,emange kudune kya kwe 
795,795,795,ngapain pakek nanges barang cengeng ter nyata kau
796,796,796,isigfar kau jangan ngejek orang menghina orangjangan nangisitu ulah kau
797,797,797,anak sd juga bisa klo baca artinya
798,798,798,syukur dah kalau mundur
799,799,799,bagus banyak yg lain pak yg lebih pantas
800,800,800,allhamdulillah 1 orang munafik sudah mulai sadar sedikit
801,801,801,dungo dinungo gus miftah
802,802,802,ke presiden minta maafnya sambil nangis ke penjual es minta maafnya sambil bercanda
803,803,803,oalah gus miftah  yg sabar kita ambil hikmah nya gus mungkin alloh beri cobaan pada gus semoga gussemiga gus legowo dan di angkat drajatnya oleh alloh yg udah ya udah gus kita ke depan jalan ber hati hati gih gus
804,804,804,semangat gusmanusia tidak ada yang sempurna 
805,805,805,luar biasa hebatgus miftah hebat rendah hatiperlu dicontohi
806,806,806,gampang loh komentar tpi jalani pada dri kita sendiri itu susah
807,807,807,baguslah
808,808,808,cuba di ambil hikmahnya kalau gk gara gara gus mitfah penjual es teh gk mungkin dapet ratusan juta 
809,809,809,ustad sama kyai dikampung saya lebih beradap dan sopan dari segi lisan dan bahasa tidak seperti sampean gus menurut saya blm pantas sampean jdi tokoh agama yg selalu ceramah dmn2 tapi prilaku anda sangat merendahkan orang lain dan menghina orang terlepas dari itu sama jah kau menghina ciptaan gusti allah swt salam santun dari saya rakyat biasa yg tinggal di pagentongan bogor tubagus mama falaq 
810,810,810,etika sopan santun totokromo rak njih kedah di agem to mas miftah nopo maleh panjenengan meniko panutan
811,811,811,kualat
812,812,812,yg dikutip ayat ttg jabatan kenapa ga hadist berkata yg baik atau diam 
813,813,813,kalau perlu jangan ceramah lagi merusak banyak orang
814,814,814,adab lbh tinggi tingkatan nya di atas ilmu adab gk ber ilmu ya kurang lengkapap lagi ber ilmu gak ber adab eman lah
815,815,815,yo pancen kudu sadar
816,816,816,baca ayat alquran nya bukan baca artinya katanya miftah kiyaikalau baca artinya anak sd juga bisa kalau miftah gak bisa baca quran suruh yg di samping ente yg ikut tertawa ngakak yg katanya dia juga kiai yang punya pesantren ente bukan pendakwah agama tapi ente menjual agama
817,817,817,memang lidah tdk bertulang 
818,818,818,bagus kalo mengundurkan diriberarti anda tau dirisetelah ini usman ali yg harus diusut tertawanya sangat melecehkan sekali
819,819,819,lantaran gus miftah  bpk si bkul es ky mendadak  donasi datang dr penjuru yutuber
820,820,820,kapok 
821,821,821,mungkin gus miftah hilaf  manusia ada hilafnya maka kalo toh kebanyakan gurau kbanyakan kepricut omongapalagi seorang dai kan seharusnya hati hati dan penuh tatakrana pada siapapun bgtu mnurun aku
822,822,822,alhamdulillah  sipreman diskotik imi mundur juga
823,823,823,ngapain nangis
824,824,824,bagus lah
825,825,825,alhamdulillah ustadz2 ga jelas mulai alloh buka aib2nya
826,826,826,tangisan biawak
