Unnamed: 0.2,Unnamed: 0.1,Unnamed: 0,comment,sentiment
0,0,0,contoh ini juga berlaku bt kkuargaku agar tidak berkata yg menyakitkan walaupun hanya bercsnda apa lg sm orang kecil yg hanya cari uang untuk mkn agar tidak meremehkan,netral
1,1,1,orangnya aja keliatan agamais tpi tak pandai beragama ceramah nya bikin orang sadar tapi tak pandai menceramahi diri sendiri,netral
2,2,2,emang gus miftah salah tp karna  si penjual esteh nya aja lebay suruh siapa waktu diceramahin mondar mandir nganggu ketenangan kalo jualan mbok diam dipinggir atau gimana kek yg tanpa mengganggu,netral
3,3,3,kenapa sewaktu ceramah gak sprti ini gusorg psti makin suka dgn gaya seperti ini,netral
4,4,4,ibarat nasi sudah jadi bubur,netral
5,5,5,jayalah netizen  akhirnya bisa berhasil smoga ini awal kemenangan netizen yg ingin ikut serta memperbaiki negara agar semua kalangan segera berbenah diri menjadi lebih baik,netral
6,6,6,stop omon2 stop gus miftah,netral
7,7,7,iya klau gk gitu klau gk ngundurin diri klau gk ada perintah gk bklan ngundurin diri ya gitu merasa brslh   nyataklau ttp jdi jabatan hinaan mlh menjadi2dajal,netral
8,8,8,tuhan maha besar,netral
9,9,9,segera cepat mundur kau  sebelum presiden prabowo marah2,netral
10,10,10,benarkah miftah  ada keturunan dari ponpes tegalsari ponorogo jadi  ingat kejadian  hari raya tahun  lalu ketika  reuni  keluarga bertempat di sebuah masjid di belakang  rumah kakek almarhumsejak kecil sering keluar masuk  masjid tersebut   dan di dinding samping kiri serambi  ada papan tulis  yg  memajang silsilah keluarga  si pendiri masjidselama ini tidak pernah tergoda  dg  tulisan di papan tulis  tapi hari raya  tahun lalu  jadi tergoda karena   komen anak  setelah membaca  tulisan di papan tulisdi situ  tertera silsilah keturunan sebagian  keluarga  wali songo  yg mengusik hati  di bagian  kanan  papan tulis  agak kebawah ada pesan  luar biasa   anjuran agar      keturunan  trah      keluarga tersebut       tetap  istiqomah       rendah hati         dilarang  adigang      adigung adiguno   jika      ada yang melanggar      pesan tersebut maka      sifat trah kewaliannya      akan hilang dg      sendirinyajika miftah betul ada darah keturunan  tegalsari  mungkin  kasus ini sebagai bentuk  akibat  sifatnya yg telah  menyimpang dari pesan   leluhurnya yg sangat    bagussemoga dg kejadian ini miftah  kembali  ke pesan leluhurnyaaamiin,netral
11,11,11,saya adalah penggemar berat gus miftah kalau orang tidak paham dengan pidatonya pasti menyoroti jelek kalau saya sdh lebih 1 tahun mengikuti pidatonya gus miftah kalau saya tdk kaget dg isi pidatonya,netral
12,12,12,bagus lh dari pada di pecat cara tidak hormat bagus lh klw sadar diri,netral
13,13,13,alhamdulillah itu baru org yg tau agama langsung minta maaf dan menyadari kesalahan itu tdk mudah tapi krn agama mengajarkan demikian dan gus miftah jlnkan  itu gentlemen  dan ini mkn jln allah utk memberi contoh  dan sbg contoh awal bagi pejabat2 lainnya bila ada hal2 yg tdk pantas hrs berani mundur dan berani gentleman,netral
14,14,14,gus2,netral
15,15,15,2247 saat ia menelan ludah teringat saat pak son menelan ludah setelah dicela,netral
16,16,16,pendakwah kog lambe ne bejat  pengunduran diri ambek nangis keno opo  ora usa nangis,netral
17,17,17,iya mending begitu mundur aja tak layak seorang pendakwah berprilaku seperti hal hal yg terlihat atau pun yg tidak terlihatkarna ini ada di dlm kalangan publik,netral
18,18,18,mendingan aagim tuh bisa mempertimbangkan bicaranya mana yng baik mana yng ga baik,netral
19,19,19,mendingan aagim tuh bisa mempertimbangkan bicaranya mana yng baik mana yng ga baik,netral
20,20,20,bangga jadi stap persiden langsung naek dadanya  setinggi langit  masya allah  amit amit,netral
21,21,21,permintaan masyarakat lah  harus mundur kalo pengen ga hancur agama islam,netral
22,22,22,ga perlu meninggalkan pesan rakyat kecil sudah ga mao denger kembali  kesalahan seorang pendakwa   ga semudah itu  memaafkan nya  jadi dukun aja dah munkin lebih baik   ga mampuh enteh mengikuti aturan nabih  muhamad saw,netral
23,23,23,yg ber ilmu tinggi belum tentu ber aklak muliaa,netral
24,24,24,bukan mundur disuruh mundur ga pantes seorang pendakwa seperti itu   itu omongan dukun bukan bahasa ulama  pendapat rakyat juga  harus mundur,netral
25,25,25,gus s3tan bnyk tokoh yg hadir pd kejadian  ada kh  ad habib mreka smw ketawa mrendhkan pnjual es teh mreka menjual agama lbih trhormat penjual es teh tsb yg berusaha dgn tenaga dn kringt untk nafkah kluarga  ltimbang gus busuk kh busuk habib busuk yg hadir dn ikut tertawa menghina penjual es teh,netral
26,26,26,baca tes anak sd pun bisa,netral
27,27,27,kalau sudah biasa mulut kotor kasar dalam berdakwah langsung tak ada manfaat langsung dalam berdakwah,netral
28,28,28,gus miftah  klu ada pengajian lagi aku mau jual  es degan muter muter  di daerah  situ  tolong aku di ejek dan direndah rendahkan   biyar bisa berangkat umrohbayak uang kan bayak orang iba  jual minuman  membawa  berkah,netral
29,29,29,kenapa harus menangis gus,netral
30,30,30,yang jelas masyarakat banyak yg nuntut mundur,netral
31,31,31,panjang ranbutnya kaya macam teror penampilan nya,netral
32,32,32,mulut mu harimau mu ini lah pepatah yg pas untuk mu qus miftah,netral
33,33,33,semoga ke depannya gus miftah bisa menjaga sikapnya agar tidak menjadi contoh buruk bugi umat seperti contoh kelakuan gus fiftah terhadap istrinya meskipun itu hy guyonan kata miftahnamun tak patut itu di lakukan di depan umum alangkah malunya istri gus miftah keliatan dr gestur tubuhnya ketika itu,netral
34,34,34,yahlebih baik mundur dari pd merem bet kemana mana,netral
35,35,35,begitulah klo dakwah nya campur ketoprak ,netral
36,36,36,menurut aku netizen terlalu cepat menilai d mengambil keputusanjgn menghujatklu begitu suruh habib itu kembali kenegaranyasemua org khilaf seharusnya kita ambil hikmahnya,netral
37,37,37,maaf sebenarnya banyak kebaikan dr gusmanusia tak ada yg sempurna ini merupakan teguran dari alloh agar gus lebih berhati2 dlm ucapan maupun prilaku kembali ke adat ketimuran,netral
38,38,38,sebaiknya dakwah agama itu seharusnya jadi suri tauladan para ulama baik ucapanmaupun tingkah menjadi contoh orang banyak,netral
39,39,39,plajaran buat smua klau suka bercanda jgn sampai brlebihan  brsikaplah yg dewasa n pandai mengendalikan diri,netral
40,40,40,knapa kamu nangis berat meninggalkan duniawi kamutakut  gak d percaya rakyat indonesia ykapoooookkkk,netral
41,41,41,bener lebih baik mundur kamu miftajgan mundur dari utusan negara aja kamu mundur jga sebagai ustadbelajar dulu aja kamu,netral
42,42,42,sebenarnya dr ucapan gus miftah membawa berkah buat pak suhaji allah turunkan rizky yg berlimpahberkat ucapan gus miftah menjadi ky mendadakseharusnya berterima kasih jg sm gus miftahcb kl bukan ke khilaf an gus miftah mungkin pak suhaji ga seperti sekarang iniintinys kita tidak boleh saling menhujat siapapun karena manusia tidak ada yg sempurnakesempurnaan hanya milik allah sematasemangat gus,netral
43,43,43,alhamdulillah,netral
44,44,44,semogadengan kemunduran diri gus mifta dan mengakui kesalahannya allah swt akan memberikan kemuliaan dan kemudahan dlm segala hal sifat mengakui kesalahann  adalah sifat kesatria,netral
45,45,45,waduhmau mundur aja kok pakai dalilya mundur ajapakai nangis pulakok dagelangus,netral
46,46,46,bagus deh gk cocok jd staf presiden krn nyontohin ahlak dan adab yg jellek,netral
47,47,47,makanya jadi panutan tuh harus arip dan bijaksana jaga tuh mulut udah di panggil ustadz apalah lebih baik diam dengan diam jadi emas,netral
48,48,48,masya allahgantinya mungkin gus muwafiq atau kimad,netral
49,49,49,efek asal comotwarga 62 ga didoktrin tuk becanda positif dan nyenengin tapi dibiarkan liar nyebelin,netral
50,50,50,setiap manusia memang tak ada sapa yg sempurna kalau fikir logik saya hairan sekali padahal fikiran org betulx2 waras boleh memikirkan yg terbaik sebelum terlepas bagi katax2 yg tidak sesuai terhadap org lain akhirnya kenapa boleh tibax2 jadi perbuatan yg sebegini sedangkn org yg sudah banyak memperlajari mendalami ilmu agama setahu saya dia boleh menjadi contoh dan tauladan untuk membawa org jalan ke arah yg lebih baik tapi mengapa tibax2 ada d sebaliknya boleh pula lepaskan katax2 sebergitu rupa yg boleh menyinggung hati dan perasaan sama org lain kalau perbuatan kita mungkin boleh kita undur memperlajari diri utk jadi manusia yg baik kalau kita sudah buat garax2 melepaskan katax2 yg sudah menguris hati dan perasaan org lain kemungkinan itu susah mahu d undurkan sebab bukan mudah org memaafkan katax2 kita yg sudah d lepaskan pada org lain risau org lain tidak boleh memaafkan katax2 kita jadi bila esok kalau kita sudah meninggal masuk d dalam kubur esok jadi susah tu lain kali kita sebelum berkata sesuatu kena hatix2 selagi org tidak akan memaafkan kita selagi tu lah kita tanggung,netral
51,51,51,saya yakin beliau termasuk orang yg bertanggung jawab dibalik semuay kita tarik kesimpulan beliu untung  penjual es untung kita semuapun untung kalau kita pandai memandang kebaikanya,netral
52,52,52,bagus luh mundur ngerusak wibawa presiden baru dilantik ,netral
53,53,53,jokowi kaget utang piutang dan bunga naik di era prabowo menjadi 20 atau 20 juta rakyat nkri di bantai akibat jatuh tempotak ada ampunan,netral
54,54,54,jika allah berkehendak lainmk berprinsiplah dlm hidupajining diri soko lathiajining rogo soko busonosmg setelah ini gus miftah bisa ambil hikmahnya,netral
55,55,55,mungkin itu sifat aslinya ya,netral
56,56,56,hahahaaaa  s miftah gk pantas d jadikan panutanmundurlah anada scara hina,netral
57,57,57,hati2 para pendawah jangan sampai kesalahan terulang lagi seperti yang sudah sudah suri tauladan itu penting sekali,netral
58,58,58,gus mita  ini merupakan tegoran dari allah agar ada perbaikan cara penyampaikan tutur kata nya tidak semua orang mau dibilang begitu tapi disisi lain allah memberi  atau mengangkat derajat nya tukang es pelajaran buat kita semua tidak ada kesombongan dalam hidup derajat pangkat harus berbuat arif,netral
59,59,59,beliau mengundurkan diri tdk egois salut tuk gus miftahitulah orang yg jenteltdl semata mata jabatantanggung jawab seorang gus miftah,netral
60,60,60,orang yg baik orang yg mengakakui kesalahanya  mau memperbaikinya,netral
61,61,61,salut dgn gus mifrah mau mengundurkan diri berarti tdk gila jabatan selanjutnya bagai mana dgn fufufafa dn lainnya     yg terlibat korupsi dn terlibat judol apa msh tetap bertahan dn tdk punya perasaan,netral
62,62,62,dlm agama sangat di larang menghina orgapalagi ustazd tau itutp di lakukan jgitulah kbsaran allah menghina mka kita akan terhindar baik buruknya kelakuan kita smua di kembalikan untuk kita,netral
63,63,63,ini orang ngak pantas jadi orang penting dalam barisan bapak presidenini orang harus di pecat,netral
64,64,64,sungguh sangat bijaksana sekali hati gus miftahsemoga engkau dipanjangkan umurmu gus,netral
65,65,65,bukan hanya menjatuh kan harga diri bpk prabowo menjatuhkan harga diri dan memalukan keluarga nya sendiri mulut mu harimau mu jaga lisan jaga sikap seorang pendakwa masyarakat kejadian gus miftah ini sangat penting buat amin rais bila bersalah akui lah kesalahan itu allah maha pemaaf dan penyayang,netral
66,66,66,mundur ucapan dgn menangis itu asli nya berat untuk mundur karna jabatan dri presden hhhhh  lucu  jngan cok pintr sendir klo suda di panggil gos  kok se enaknya bicara menghina kpd orang kecill dosa,netral
67,67,67,semua kejadian ini kita ambil hikmahnya yang terbaik semoga gus mifta tetap sehat semangat panjang umur murah rezekinya dan selalu ada dalam lindungan allah subhanahu wa taala tidak ada manusia yang tidak salah gusmitah sendiri udah sangat gentlemen mengakui kesalahannya dan dia meminta maaf kepada seluruh rakyat indonesia yang merasa dikecewakan semoga kedepannya gus miftah lebih memperbaiki ucapan lagi dan semoga tidak terulang kembali dengan kesalahan yang sama tetap semangat dan teruslah berdakwah utk kaum yang lemah ilmunya,netral
68,68,68,455,netral
69,69,69,miftah itu bukan dawah  tapi guyon thokkk,netral
70,70,70,mifta   sendiri  malu  dgn bicara  nya yg selalu tdk sopan selama dakwa di mana saja ber ada  tdk pantas di lihat di dngar orang gila la seneng melihat ceramah  mifta kenapa nangis aslinya berat kecewa,netral
71,71,71,,netral
72,72,72,bukan hasil istikorohtp tau tau diri ,netral
73,73,73,biyuhpembina keagamaan ternyata ,netral
74,74,74,biyuh kok iso nngis abot pora melepas pora jabatan kui suk meneh ngati ucapane kuii,netral
75,75,75,nanti sudah viral baru banyak cerita,netral
76,76,76,padahal yang sebenarnya dia di pecat tapi diminta menyampaikan mengundurkan diri agar kelihatan lebih baik ,netral
77,77,77,ya itu lebih baik mundur gus mifah karena menjagah nama baik kabinet pak prabowo dengan satria mengakui kesalahan dan kekilafkan dan mundur dari kabinet bisa buat pembelajaran pejabat lain dan mundurnya gus mifa karena cinta dan tanggung jawabnya pada presiden dan bukan tekanan dari manapun ini sebage tanggung jawab apa yg diya lakukan bahwa jabatan ini sementara  untu bisa buat contoh lainnya,netral
78,78,78,bagus sbelum ku pcat tttt ha ha,netral
79,79,79,sehat n sukses,netral
80,80,80,aku kok melok mewek gustp gus itu keputusan tepat dan sangat tepat ,netral
81,81,81,ya lah bro tau dirianda bodoh ora ono toto kromo adat sopan santun,netral
82,82,82,ga ada yg maksa mundur istikharah lahhh viral di medsos netijen udeh julid apa bujan krn itu coba kalau ga viral ga nyadar khan,netral
83,83,83,gus2,netral
84,84,84,baguslah kalau sadar diri,netral
85,85,85,pastinya sudah di suruh mengundurkan dirisoalnya lawan penguasa sama rakyat klw melawan habis lah dia sama penguasanya jika orang ini masih bercokol di penguasa,netral
86,86,86,sekarang anda menangis karena apa,netral
87,87,87,bagus sikap jentel yang repot udah salah nga mau minta maaf itu kurang ajar sok benar dan pinter sebdri,netral
88,88,88,ngapain nangis waktu menghina gagah x,netral
89,89,89,harusnya fufufafa di gusmiftahkan,netral
90,90,90,harapan masyarakat rakyat kecil indonesia semua penjabat jentelman seperti pak miftah,netral
91,91,91,inilah cara allah memalukannya di depan umat itu yg ketawa saat miftah bicara ketawa ngakak orng nggak punya hati gimana bapak itu di malukan didpn orng banyakgimana kalau kamu diketawain orng banyak pulamalu juga kan,netral
92,92,92,makanya jangan suka mehina gak pantas jadi dakwa ngajarkan yag gak baik,netral
93,93,93,memang harus keluar sombong ustad apa itu buat malu siapa pun yg masukan ke kabinet prabowo banyak ustad santun di indonesia ini,netral
94,94,94,dari pada dipecat kn lebih baik mengundurkan diriklo dipecat kn malu,netral
95,95,95,contoh yg baik pada masrakat dan khusus pada pejabat semuatop gus,netral
96,96,96,baguslah supaya dia lebih hati lagi klw berbicara coba klw ceramah diperhalus gaya bicara dan bahasanya jangan asal ceplosjangan diaca saja tapi diterapkan pada diri pribadi contoh itu tdk selalu harus berbicaratp berperilakulah yg lebih baik lagikami para orang tua memaafkantp mbok yao perbaikilah gaya bicara dan bahasa dlm berdakwah jangan terlalu ngasal bunyi semoga ini menjadi pelajaran bagi anda terimakasih ,netral
97,97,97,sikap yang meerusak citra agama,netral
98,98,98,semua dah kehendak ny pembelajaran hidup luar biasa ,netral
99,99,99,menyusul fufufafa,netral
100,100,100,q pikir mundur dari penceramah juga ,netral
101,101,101,satu satu penjilat jatuh,netral
102,102,102,gk pantes jadi setaf peresiden,netral
103,103,103,jebleh,netral
104,104,104,makanya pandawah jangan terjun ke dalm politik urus aja umat,netral
105,105,105,mewek,netral
106,106,106,maju terus gusjabatan nggak penting gussemoga gus miftah di beri panjang umur dan kesehatan,netral
107,107,107,mundur  si mistah  cepat mengundurkan  diri lebih bagus ,netral
108,108,108,kalau noleh bpk presiden  yg cocok menjabat pengganti  miftan ustad  hadi hidayat,netral
109,109,109,ngarang ,netral
110,110,110,ga usah nagis gus mulutmu harimaumu,netral
111,111,111,drpd di pecat lebih malu lebih baik mengundurkan dirimenghina seseorang kayak dirinya udh bagus aja mikirketawa berbahak2 merendahkan seseorang pengajian atau mau mencaci orang,netral
112,112,112,kami sgt yakin  itu jalan yg paling terbaik demi ketenangan jiwa masyarakat umumnya  dan jgn ada lgi org yg berlaku sombong dan angkuh di era saat ini  trimakasih bapak presiden,netral
113,113,113,sedih ya,netral
114,114,114,berat mninggal kan jabatan karena ahlaknya yg g bener,netral
115,115,115,alhamdulillah,netral
116,116,116,banyak pendakwah yang menolak menjadi apapun di stap negarawandi kampung saya ada bekas preman jadi ustadz e jadi pembunuh keluarga pondok pesantren jadi keluarga pembunuh,netral
117,117,117,gitu sadar diridan gak usah ceramah ceramah percuma intropeksi aja sendiri dirumah terus ngaji diri di rumah sama rambut itu mbok dipotong gilani,netral
118,118,118,baru 1 blan setegah bagi mna klo 5 thnkiamat lah islam di indonesia,netral
119,119,119,buat kiyai yg laenya jngan sombongingat itu bukan pakaian mu,netral
120,120,120,semua irang yg ada di samping kanan kiri muitu semuanya telah menyakiti orang oedagangjangan cengeng sok nangis segalacintoh yg buruk ,netral
121,121,121,menyesal nya sunggu2 kah sbg pendakwa hrs sll menjaga,netral
122,122,122,makanya jadi orang jngan sonbong allah saja tidak sombong saya jug  orang pedagang kau telah menyakiti hati irang bnyak miftahsiapa ygpercaya sama kamu lagi,netral
123,123,123,malu ya dah hina orang kecil mundur,netral
124,124,124,itulah kalau orang sopinter sobener kalau ngomong semau gue tida merasakan hati orang begitulah ahir cerita orang sombong,netral
125,125,125,bukan mundur tapi mmng akan dipecatdicopot smg mendpt yg lebih baik lagi untuk negarakalau gibran kapan mundurnyasblm rakyat malu  dg wapres,netral
126,126,126,benar juga kata pak presiden pak prabowo harus dipecat karena menghina rakyat kecil sy setuju mantap pak presiden itu baru tegas namanya presiden yg adil bagi rakyat kecil,netral
127,127,127,jos tenan gus miftahgoblon ne wongdapat ratusan juta,netral
128,128,128,sdhbtrllu vanyak ksalahnmu bung sdh waktunya bertaubat inilah jln awal taubatmu,netral
129,129,129,meweeekkkkk hee heee heeedi guyu sugik nurr,netral
130,130,130,sekarang baru mewekkemarinnya terbahak bahak ,netral
131,131,131,lah gitu fokus dakwah saja yg baik,netral
132,132,132,kue ngabdi negoro opo mif2,netral
133,133,133,yaaa orang sudah banyak yang komentar anda baru buat keputusan munafik luu,netral
134,134,134,tp kesatria tdk pernah nangis d muka umumn tdk mengumpat,netral
135,135,135,sy lebih geram sama yg tertawa lepas disampingnya gus miftah,netral
136,136,136,nangisx d ulang2i aq lg bayangin penjual es teh saat d goblokin dy d dpn umum ngs gak ya,netral
137,137,137,bngsat ini di pecat cumn setingan aja di bikin mundur,netral
138,138,138,utusan presiden sbg staf kerukunan beragamaya ampunlagakx suombong gtkyk gak ada yg laen ajaitu uah n uas kok gak di pilih ,netral
139,139,139,cengen kemarin ngakak minta ampun bagusla mundurkan diri dripda di gaji oleh negara untuk mengoblokan orang,netral
140,140,140,misuh emetuwek e d hilangi mas,netral
141,141,141,gk usah maen dalil lg dah mif lidah lu udah basah dengan cacian,netral
142,142,142,habib rizieq yg pantas gantiin lu mif,netral
143,143,143,mundur karna tanggung jawab sama presidenkarna viral nitizen byk yg minta dia mundur masih aja mulut mu gus ,netral
144,144,144,makan tu mkanya mulut itu di jagajangan asal ngomonghidup jangan somkan tu,netral
145,145,145,maka nya jgn songong ente miftah,netral
146,146,146,makanya jadi org jangan so,netral
147,147,147,bagus klu sadar kau,netral
148,148,148,entot kebo mendingan miptah itu,netral
149,149,149,ustad penghina biardi bilang ustad kocak,netral
150,150,150,alhamdulillah,netral
151,151,151,kalau sebagian sudah tau ilmu islam dan hukum nya makanya perdalamlah ilmu aturan nya,netral
152,152,152,kesatria nangis itu artinya menyesal jabatan hilang makanya lo jangan songongkasatria nangis ,netral
153,153,153,org seperti lo tak pantas kontribusi buat negara,netral
154,154,154,byk gaya lo kau di suruh mundur bukan kemauan lopendakwa tdk punya ahlak kau,netral
155,155,155,gakpenting beritanyagus miftah   bukan siapa2 tapi hebat juga yaaa baru sekali istikhoroh  sudah dapat petunjuk ,netral
156,156,156,alhamdulillah dia sadar diri,netral
157,157,157,syukur alhamdulillah indonesia selamat dari manusia berakhlak berakhlak jongos baalawi semoga bangsa indonesia sadar dan tinggal kan penceramah yang tidak ada manfaat nya ,netral
158,158,158,orang yg d hinad balea dgn semyum legowoitu yg ceramah y sediri itu dr orang apalagibam sang pencipta y,netral
159,159,159,ini baru pendekar maju keton dadae mundur keton gegere,netral
160,160,160,alhamdulillah ya allah,netral
161,161,161,berhentilah jadi ulama,netral
162,162,162,tak usahlah menangis engkaulah orang sombong,netral
163,163,163,kalau punya mulut di  jaga yg baik,netral
164,164,164,semoga apa yg terjadi bisa membuat gus miftah menjadi lebih baik ke depanbetapa pentingnya menjaga lidah,netral
165,165,165,sukurilah mewek,netral
166,166,166,musti di hargai sikap gus miftah mundur dari kabinet dan bapa penjual es teh menuai simpati dari warga dan banyak mendapatkan bantuan keuangan kita ambil hikmahnya z ,netral
167,167,167,kalimah yg jelek aja bisa mendatangkan riqi apalagi kalimah yg baik,netral
168,168,168,itu air mata buaya miftah yang akal sehatnya untuk menghina orang miskin ternyata tidak sesuai drngan ilmu yang dia dapat dan ilmunya hanya untuk mencari sensasi dan mencari muka terlalu banyak omon omon itulah akibatnya kalau ilmu untuk kesombongan akhirnya engkau direndahkan oleh allah swt,netral
169,169,169,ya harusnya begitujantan mengakui kesalahannyajgn cuma minta maap sajahati2 kedepannyadalam bicara dn dawahklw mau berdawahrubahlah ciri has berdawahnya model begitu karena ciri khas dawahnya jelekcarilah ciri has yg baik yg benar2 bisa membuat umat nyaman dn bukan membuat gaduhinsa alloh kedepannya lebih baik lagi amiin,netral
170,170,170,contoh ulama atau dai seperti zainudin mzalmarhum  kalo mifta mah gk jelas,netral
171,171,171,yang sabar gus miftahmungkin nie skenario allah tuk lebih hati2 berbica age dan lewat candaan guz miftah si bapak jadi banyak rejeki dan banyak yang bantu aku ndc pernah hujat aguz miftah meskipun banyak yang menghujat di balik kejadian nie semoga ada hikmah nya aamiin,netral
172,172,172,sama pak presiden di suruh mengundurkan diri klo gak mau baru d pecat,netral
173,173,173,mantap gus sampean gentelman kutulusan dan kesadaran tingkat dewa allah dgn kuasanya telah mengangkat derajat bpk penjual es tapi dgn ketulusan dan kesadaran mengakui dan meminta maaf atas kekhilafan sampean juga mulia disisinya insyaallah,netral
174,174,174,lu membahayakan generasi penerus bangsa karena status anda agamis dan mencotohkan perilaku serta ucapan yang buruk ,netral
175,175,175,salut sama gus miftah,netral
176,176,176,semoga dengan kejadian ini gusmiptah ambil hikmah ny agar menjadi org yg lebih baik dn lebih br adab,netral
177,177,177,tidak pantas di panggil gus,netral
178,178,178,selama jdi gus tak pernah sy melihat iblis ini mengaji,netral
179,179,179,ya harus mundur bahasa dakwah harus berbobot,netral
180,180,180,aku doakan selanjutnya  rizik sbahar semit mundur juga dari indonesia karna hinaan dia lbih tdk  punya ahlak mnghina presiden dll ayuh donk para netizen seindonesia gugat tuh yg ngaku ccu nabi,netral
181,181,181,baguslah kalo mundur dengan tau diriperbaiki mulut banyak banyak intropeksi diri sapa diri lo tuhan menciptakan wujud si penjual es teh sadar gak lo sapa yg ciptakan diri lo ada di muka bumi ini,netral
182,182,182,ra kuat pangkat termakan omongan nya sendiri,netral
183,183,183,mundur saja kami tdk tahansebelum masyarakat marah,netral
184,184,184,sehat selalu gus semoga ini jadi pelajaran yang sangat berharga pada hakikatnya orang yang engkau singgung sekarang  naik derajat nya semoga allah swt mengampuni  memaafkan semua kesalahan yang gus perbuat karna hanya allah lah yang tahu baik buruk nya ucapan gus sesungguhnya nya salam persahabatan dan persaudaraan ,netral
185,185,185,ini baru namanya takdir gak bisa jadi pemimpin yg baik jadi gelandangan aja kau miftah itu lebih baik untuk mu hahaha takdir,positif
186,186,186,yaallah semoga selalu sehat gus miptahini pembelajaran kedepan nya tida terulang lagi terus berdawah jangan putus asa,netral
187,187,187,bagus di ganti sudah berbuat nangis pulaaabanyak yang lebih baik dan sosial tinggi tidak menghina orang kecil aamiin,netral
188,188,188,tetap  semangat gus,netral
189,189,189,taim gak kuat drajatpribadi yg buruk jadi staf keagamaanorang gituitu kok di beri gelar  gus,netral
190,190,190,indonesia gak butuh orang kayak gini  masih bnyk orang yg berilmu yg rendah hati,netral
191,191,191,lebih baik mundur dari pada banyak masarakat yg akan lebih membenci  dia,netral
192,192,192,bagus deh kalo dia mundur dr merah putih kabinet presiden prabowomenjaga nama baik bpk presiden kalo sampai dya gak mundur netizen bakal berbondongbondong demo ke istanalebih baik mempertanggung jawabkan perbuatan nya  sendirimulutmu harimaumutidak semudah itu kata maaf masalah selesai begitu saja bila ada 1 banding 1 kita anggap masalah itu selesailebih baik mundur dr pada di pecat itu lebih baik,netral
193,193,193,mungkin ini teguran dari allah atas kesombonganya yang di perbuat,netral
194,194,194,saran saya copot semua gelar anda  gak usah jadi pendakwa  jadilah rakyat biasa kalau bisa anda sekalian jualan es teh panggul apakah anda gak malu sama allah ,netral
195,195,195,baguslah kalau sudah sadar guslebih baik mundur dari jabatannya daripada dipecat bapak preseden,netral
196,196,196,semudah dan secepat itu allah turunkan pangkat dan derajat seseorang ,netral
197,197,197,  ,netral
198,198,198,              ,netral
199,199,199,semoga kedepannya lebih baik lagi kami tau segala nya hanya karena humor semata yg dia ucapkan,netral
200,200,200,saya bisa menilaigus mitfah asli kesatriatanggung jawab mengakui semua kesalahannya,netral
201,201,201,mantap   itu nama nya sadar diri  kalo di atas itu kenceng angin nya ,netral
202,202,202,alkhamdulillah  kt gus  miftah  cuman hamba alloh swt sangat2 pertanggung jawab  atas kekeliruankesalahan ya jg  buat contoh yg terbaik  alloh  swt maha kasih dn sayang smg  gus miftah  jg bpk sunhaji  di sini  jg  derajat beliu yg melalui acara ini  smg  kt semua ya  sukses senantiasa sllu dlm perlindungan keberkahan kebahagiaan yg tanpa batas dn yg terbaikamiiin ya robbal alamin,netral
203,203,203,lebih cocok jd pelawak daripada jd pendakwah,netral
204,204,204,bar ngusep sirahe bojone pindo  sakiki ngusep atine bakol es tehpiye to gus sampean ki,netral
205,205,205,gus miftah mau trus brdakwah  masa si msh ada yg mau dengerin apa ga mundur jg pasti di pecat bpk presiden prabowo sangat prduli sm rakyat miskin,netral
206,206,206,gk usah nangis air mata palsu itu  inget pas kemaren ngolok sama se gerombolan mu yg ilmu nya tinggi kemaren  gk bisa ngajeni wong cilik,netral
207,207,207,kok mewek kemarin menhina orang miskin ketawa ketawa sdan sombong kok sekarang menagis,netral
208,208,208,ustd reman ko mewek juga,netral
209,209,209,kenapa lu jabrib mengundurkan diri  malu yah,netral
210,210,210,sudah berbulan bulan menjilat baru kemaren jadi pejabat udah modyar,netral
211,211,211,potong dulu rambut,netral
212,212,212,pejabat yang lain contohlah kalau anda yang berbuat salah akuilah dan mundurlah masih banyak anak bangsa yang lebih baik ,netral
213,213,213,bgus mundur aj gak pantes crmah kyak gthu,netral
214,214,214,msih mau bela diri boos,netral
215,215,215,kocak lu gus masa nangis skg coba ulangi ekspresi muka ketawa waktu hina pedagang es,netral
216,216,216,sabar lek sampean wong pinter cuma cara ngomongmu sing kurang bener alias saru,netral
217,217,217,inilah cermin buat kita semuajangn sampai lisan menyakitkan oranglain,netral
218,218,218,pak presiden pak prabowo perna bilang  sya hormat pada petani  pedagang kaki lima  pedagang asongan ojol  dll  hlaaa mala gus miftah menggoblok kan pedagang asongan,netral
219,219,219,semangat gus stiap orang pasti pernah melakukan ksalahan tidak ada manusia yang sempurna karna kesempurnaan milik alloh semoga kedepan nya akan lebih baik gus semangat semoga semakin mendekatkan diti kpda alloh yg maha benar dan maha membolak balikan hati manusia amin,netral
220,220,220,kemarin  ketawa    gus   mana ketawa mu   ,netral
221,221,221,kok cengeng se x sih,netral
222,222,222,lebih baik mundur    dari pada di copot secara tak terhormat       mita  harus di    proses sesuai  uud  hukum  di indonesia    jang    hanya mundur dan meminta maf  terus   udah kelar     tangkap dulu gusmita     beri hukuman,netral
223,223,223,td layak lgi d undang orang sombong yg kya gini bagi orang yg mau mengundang lbih goblok lgi,netral
224,224,224,berdakwah lah anda di rumah andakarna gk ada yg mau mendengar karakter dakwahan anda paham sampean,netral
225,225,225,gus mihta tak psntas di sebut pendakwa        hapus  juga dari  pendakwahan,netral
226,226,226,kepada seluruh rakyat indonesia saya ucapkan terima kasih sudah mendukungsiapa yg dukunggw sih kagak ,netral
227,227,227,terima kasih sudah memilih  mengundurkan diri kata beliau sebagai langkah awal bukan langkah mundur mari kita hargai pilihan beliau tuhan memberkati ,netral
228,228,228,se orang ustad ucapan katanya jangan kotor n seenaknya perutnya sendiriustad itu beri tausia yg baik karena ustad itu orang yg ber ilmu n pendakwahberi wejangan yg baikbukan malah mulut nya menghina,netral
229,229,229,ini sebagai contoh untuk seluruh pejabat di nkri budaya mundur apabila melakukan sedikit kekilavan walaupun itu tdk disengaja budaya mundur fenomena ini akan menjadi dimulainya fenomena baru  untuk seluruh pejabat baik dari pusat sampai daerah bupati gubernur dsb hormat untuk gus miftah,netral
230,230,230,mudah2han yang di panggung yang ikut ketawa akan d miskin kan hartanya oleh alloh subhanahuwataala amin2 kunfayakun,netral
231,231,231,mau nagis mintak di kasihaniini yg mau di cantohinati2 pak prabowo cari org utk jd pemimpinsy dukung pak prabowo sdh 3 priode,netral
232,232,232,mana ktawa mu yg kmarin yg waktu merendahkan orang lain tukok mewek sih andabetapa bahagia rakyat indonesia gk ada  pereman pasar berkedok penceramahjujur ini lah pidio yg paling lucu yg saya tontonsatu kata untuk anda maaaaammpuuuuuss,netral
233,233,233,bagus lah kalau mundur anda itu belum pantas duduk d sebelah pak prabowo,netral
234,234,234,jg byak omong lh bosayat2 yg kau baca hya utk bela diri,netral
235,235,235,lihat saja sadar asli atau palsuklo sadar alhamdulillah,netral
236,236,236,ulama kocak,netral
237,237,237,kesatria mengakui kesalahan,netral
238,238,238,hahahahahahahahahaha,netral
239,239,239,bagis lah jika km sadar gus kampret ,netral
240,240,240,saya sangat mengapresiasi langkah yg gus miftah ambil patut di contoh walau kesalahan nya hanya kcil,netral
241,241,241,syukurlah kl anda sadar diri untuk mengundurkan diri biar jadi contoh dan pembelajaran  buat pejabat lain kalau punya kasussegera mundurbukan malah cari cari alasan dan kambing putih,netral
242,242,242,wala takfu malaisalaka bil ilmijngnlh kamu mudah menyimpulkan sesuatu yg blm kamu ketahui,netral
243,243,243,gondrong doank tapi nangis,netral
244,244,244,jangan sombong lah jadi orang,netral
245,245,245,biasanya seorang atasan jika bawahannya berbuat kesalahan yang fatal maka seorang atasan memberi 2 pilihan mundur atau di pecat,netral
246,246,246,mimtah asal ngagah ngomong teh,netral
247,247,247,syukur alhamdulillah atas kesadarannyabahwa anda tidak layak untuk jabatan itu gus,netral
248,248,248,kemarin angkuh  sekarang lusuh gus gus darimana juga kamu dapat gelar gus,netral
249,249,249,bukan dari canda gus mifta tukang jual esteh dapat rizqi dadakan,netral
250,250,250,mundur karna tertawa yg berlebihan jowone beecik ketitik olo ketoro,netral
251,251,251,mundur karna tertawa yg berlebihan jowone beecik ketitik olo ketoro,netral
252,252,252,benar kata pepatah mulutmu adalah harimaumu,netral
253,253,253,pembelajaran bagi siapapunsaat yang mahakuasa mengangkat derajat anda anda jangan lupa jabatan yg dititipkan oleh presiden bukan berarti membuat anda makin pongah ingat jabatan itu adalah sebuah ujian dari allah sekarang anda sia amanah yang maha kuasa terhadap anda dengan mencaci seseorang hanya karena menyangkut anda diberi jabatan presiden trus anda bisa seenak andaitulah kesalahan anda ingat gus nikmat tu cuman sampai tenggorokan sekarang anda telah dicabikcabik oleh mulut dan kelakuan anda sendiri gak usah pake cuci tangan biar anda dianggap benar lagi introspeksi aja diri sendiri trus biar orang lain yang akan menilai andamurid anda si dedi mana suaranyaingat kita hidup jangan sombong apa lagi pongahhatilah dalam berucap hati dalam bertindak hati bertingkah lakubagi yg kemaren ikutan ketawa terbahakbahak diacara si gus miftah kalian juga harus introspeksi diri juga secara gak langsung sikap anda juga bikin hati orang terluka jgn hanya jadi penjilat pada simiftah dengan pd nya ketawa terbahakbahak sekarang kalian saksikan sendiri kan sekarang kalian dihinakan juga harusnya kemaren anda gak usah ikutan ketawa anda harus pikirkan dulu itu candaan atau hinaan yg akhirnya anda juga ikut terjerumus oleh tindakan simiftahkalian semua orang yg berpendidikan maka gunakanlah sebagai mana mestinya seseorang yang berpendidikansemoga kejadian ini jadi pelajaran bagi seluruh tokohpejabat di seluruh indonesiaingat jabatan itu banyak artinyabisa jadi jabatan bukti kekuasaan tuhan mengangkat derajatbisa jadi jabatan itu adalah ujianbisa jadi jabatan adalah berkah dan banyak lagi yg tersirat dalam jabatan dan ketenaran,netral
254,254,254,20250 di maafkan,netral
255,255,255,gua mah geliat dia ceramah pakek kacamata hitam kalo lagi ceramah aja udah gak simpatik sama ini orang  eeee benar sekarang terbukti  ini orang bukan penceramah  cocok nya jadi badut,netral
256,256,256,wah bisa dalil gaes membaca pula ,netral
257,257,257,maleess komen,netral
258,258,258,keliatan dia bukan ahli ilmu,netral
259,259,259,mendingan nabalin,netral
260,260,260,nah itu lebih bagus dari pada membuat malu  udah di kasih jabatan sama pak bowo kok bikin ulah,netral
261,261,261,sudah jangan mewek mewekitu sudah karakternya ganti saja gus ikhdamm,netral
262,262,262,,netral
263,263,263,alhamdulillah mundur juga  semua sudah terbukti,netral
264,264,264,gus apaan kau,netral
265,265,265,gak pantas jadi panutan,netral
266,266,266,untuk santri santri gus mifta saya sarankan cari guru yang punya adab yang bagus sehingga bisa bermanfaat ilmunyakeluar dari pondok ataubyang santri diluar pondok,netral
267,267,267,setelah ini boikot ponpes yg pemiliknya ngakak disamping orang ini pesantren alhuda magelang tolong  masih banyak ponpes yg lain jgn termasuk orang munafik menitipkan anak ke orang yg gak punya hati nuraniseperti usman ali dia bukan kyai dia cuma penggemar poligami,netral
268,268,268,yaudah iyalagian becanda nya begitutau sendiri netizen browasit bahrain aja ampe ketar ketirsemoga lebih baik lg cara dakwahnya brokurangin deh katatersebutemang di lingkungan masyarakat katatersebut selalu terucapbahkan katabinatang pun biasa ajakalo yang ucap orang biasa yatapi kalo punya nama trus keluar katatersebut auto tranding no 1bisa x sebulan lebih tranding,netral
269,269,269,lebay politik politik  nggedebus,netral
270,270,270,mewek mewekkkkk wkwkwk,netral
271,271,271,andaikata dagang es tidak di goblok goblokan sama gus miftah kira kira dagang es firal tidakkira kira dagang es hari ini naik derajatnya apa tidak ,netral
272,272,272,alhamdulillah,netral
273,273,273,nyadar kan kamu guas makanya punya bahasa tutur kata di jaga jangan asal njeplak,netral
274,274,274,barokah jd mukhibin ya gini baru saja blm 1bln eh jatuh dgn sendirinya,netral
275,275,275,justru sebelahnya gus mifta yg benar2minta maafkelihatan arogansinyadia jg nanggung dosanya dihadapan allah,netral
276,276,276,alhamdulilah klau masih sadar diri masih banyak yg pintar dari pada congornya ngak bisa dijaga,netral
277,277,277,maka nya mulut dijaga  seorang kyai gak pantas bicara kotor ,netral
278,278,278,wkwk istikhoroblg ae miftah malu di olok olok notizen emang wali istikhoro lgsng kobul,netral
279,279,279,yg kemarin ikut ketawa bareng kenapa ga ikut nangis bareng,netral
280,280,280,lebih baik mundur dari pada menunggu di pecat secara tdk terhormatkarena anda tdk pantas menjadi pejabat negara ,netral
281,281,281,sekarang miftah harus membuang nama gus karena dia bukan gus dn jangan sekali2 mendulang uang dari berceramah dn sudahla jangan ngomong dalilhadis itu malah mencoreng agama islam,netral
282,282,282,setelah penjual es teh selanjutnya penjual apa lagi ya yang di katain gblk  dakwah sekarang menjadi bisnis dan politik yg menjanjikan,netral
283,283,283,itu jg yg sebelah gus miftajg harus minta maafyg modelnya  seperti plecehan pedagang kecil,netral
284,284,284,malu kl ga mundur brosadar dirilah,netral
285,285,285,mmang begitu hrs mundur,netral
286,286,286,penyesalan emang datang akhir belakang  jadikn contoh ingat sllu jg lisan trhadap orng lain,netral
287,287,287,nhaah ini bisa menjadi pembelajaran yng mahal untuk semuanya apalgi bg publik figur maupun politisi untuk lebih menghargai sesama manusia mulutmu bisa menjadi harimau mu,netral
288,288,288,nangis tenan opo sandiwara kui,netral
289,289,289,begitu dong mundur dengan hormatjadi yg goblok itu bukan penjual  es tapi sebaliknya,netral
290,290,290,orang2 yg terania doanya  sangat di ijabah sama allah swtsemoga kelak tidak terjadi lagiamin,netral
291,291,291,sy salut buat gus miftahorang bisa saja khikafsemoga kedepannya tidak terjadi hal sperti ini lagi,netral
292,292,292,baguslah mundur itu lbih baik sadar diri,netral
293,293,293,belajar lg gus tentang adab berbahasa dan kurangi tingkah laku yang kurang baik,netral
294,294,294,wahai umat islam di seluruh jagat maya  semua yg menjalani hidup pasti mengalami  yaitu kemarau setahun hujan sehari  hanya orang rendah hati yg tau makna dr pribahasa di atas,netral
295,295,295,gondrong boleh2aje tpi sesuaekn dngn status lo ini bukan zaman nabi yg tak ad tukang cukur,netral
296,296,296,menghina seperti itu tidak baik tapi beliau tidak merampok hak orang lain malah gara gara kesalahan beliau orang lain menjadi makmur coba bandingkan dengan para koruptor yang jelas jelas merampok hak rakyat miskin itu gak pernah ada ynag menghujat sehebat menghujat gus miftah,netral
297,297,297,dan boikot juga harusnya yu orang,netral
298,298,298,begitu cepatnya tawamu berubah jadi tangisan,netral
299,299,299,akhirnya di bukakan jalan nyaga tepat menjadi utusan presiden,netral
300,300,300,kasian gus miftah,netral
301,301,301,baguslah intropeksi diri ingat etika dan adab moral lebih tinggi dari ilmu buat apa punya ilmu tinggi kalau tak punya adab dan etika masih banyak orang yg beradab dan beretika dari nkri ini salam akal yg waras ,netral
302,302,302,ada suara kucingseakan akan puas dengar mifta mundurwkwk,netral
303,303,303,cerdas jgcari simpati semua orngmdahan azapa yg di katakan miftah benar ada nya,netral
304,304,304,baguuuus ,netral
305,305,305,nahhh ngonoaku melu lega yen gus mif wani mundur kanti legawa lan uwes njaluk ngapura marang gusti alloh uga marang lek sunhaji uga marang presiden lan rakjat indonesia jaga slalu kb hasan besari jetis tegalsari ponorogo ,netral
306,306,306,beneran pa hoak,netral
307,307,307,ngono yow isek sempet te dalil joh,netral
308,308,308,penyesalan slalu dtng blakangandn maaf adalah yg pling gampang di ucapkn oleh mulut,netral
309,309,309,makanya di saat kita dekat dengan rezim jangan angkuh seolaholah kalian pemilik bangsa ini rakyat lain yang tidak mendukung jungjungan kalian kau bilang ini kau bilang itu pedahal semua yg kalian buat sadar nangis lagi minta maaf saja sudah muak kita dengarnya jejak digitalmu abadi lo,netral
310,310,310,ya allahh tuhan yang mahakuasa berbuat sekehendak,netral
311,311,311,halah kbnyakn omongngerti agama gak gerti adab,netral
312,312,312,hancursehancurnya,netral
313,313,313,katanya pendakwah kok gitu kan di kitab hadist arbain jelas selamatnya insan manusia dgn menjaga lisannya makanya berkatalah yg baik kalau ga bisa baik lbh baik diam,netral
314,314,314,kita menghormati pilihan mifftah mundur dari jabatan utusan khusus presiden yang berarti dia menyadari bahwa lebih baik mundur sebagai bentuk pertanggung jawaban atas kesalahannya menghina salah satu umat dan itu sangat tepat,netral
315,315,315,mungkin itu lah yng sebenar nya,netral
316,316,316,kau itu pantasnya jdi juri ayam aduan saja,netral
317,317,317,lebih cepat lebih baik mundur daripada lama jadi pendakwah berkedok agama,netral
318,318,318,mantap miftah malu oleh mulutnya sendiri,netral
319,319,319,mundur secara ksatria,netral
320,320,320,kalau saran mah ust adi hidayat,netral
321,321,321,mundur karna desakan sitizen,netral
322,322,322,dan jgan ceramah lgiitu akn lbih baik gus msh bnyak juga kiyai yg baik,netral
323,323,323,ngak cocok ustad menghina orang rendah  semesti menyampaikan yang baik baik aja  kami orang bodoh ngak mau bicara seperti anda,netral
324,324,324,bagus akhirnya mudurdari pada lansung di pecatitulah akibatnya klo punya ilmu ga punya adabiya jabatan hanya titipandan ingat ilmu pun klo gak bisa memanfaatkan nya akan di hisabapa lagi menjadi guru agama pertanggung jawabannya di akhirat sungguh beratjadikanlah ini pelajaran wahai  pendakwah gus miftah,netral
325,325,325,qt ambil hikmahnya nya saja bahwasanya lisan itu bisa lebih tajam dari pada pedang jika qt salah mepergunakan nya bisa berakibat fatal ,netral
326,326,326,alkhamdulillah emang sebaiknya seperti itu lebih baik ketimbang kau sll men jadi kesombonganmu itusatu org lagi yg tertawa terbahak seperti setan itu ktnya konon seorang pimpinan ponpesdia sama sekaii layak khawatir karakternya yg berbahaya itu menular kpd yg lain,netral
327,327,327,pikran dan rasa masing orang sebenarnya kembali ke suasa batin dan pikiran orang itu masing yg membencimu itulah suasana batin pembeci yg suka itulah suasan batin yg cinta  suka jadi biasa saja gus tetap berjuang semangat gus  ,netral
328,328,328,apapun gus miftah tetap idolakummg gaya dakwahnya begitu dan ga mungkin jg kyai besar spt gusmiftah berniat mnghina sabar gus allah maha tahu,netral
329,329,329,janga sebut gus krna ucapanya gk pantas utk seorang yg brgelar gus,netral
330,330,330,harusnya jadi pigur seorang habib itu,netral
331,331,331,banyak manusia waras yang lebih pantas,netral
332,332,332,air mata buaya tidak layak kamu jadi pemuaka agzma sombong menghina orang sesukamu aja ngomong tidak pantas jkamu  bicara sehenak  mulut  ingat mati dunia sementra,netral
333,333,333,etika dan adap itu lebih utamakalau kita tak beradab  gi mana tu,netral
334,334,334,salamatul insan fi higdzil lisan sabar gus ini cobaan dari allah swt kedepan kalau berdakwah lebih berhatihati gunakan  kata2 yg baik jangan merendahkan orang lain apalagi di depan umun semoga gus miftah lebih sukses lagi sabar gus,netral
335,335,335,nyatai aja gus mifatah orang yg membencimu dia tak tau suarana batinmu kepadanya dia yg nyukaimu tau akan batin mu begitu sebaliknya  panjengan gus ,netral
336,336,336,buat yg laen jaga mulutnya mkanya,netral
337,337,337,cara allah memuliakandan menghinakan mahluk nyasangan unik kunfayakun,netral
338,338,338,lidah tidak bertulang,netral
339,339,339,aktingnya bgus gus miftah lbh baik jdi bintang sinetron aja  sialnya hidupnya pnuh dramasetanpun gk prcaya akan omong kosongnya apalagi manusianya,netral
340,340,340,klw sudah kyk gini bru nangis ente kmarin menghina org susah smpai terbahak,netral
341,341,341,itu baru takdiiirsetelah kau angkat derajatnya pak sunhaji  gus miftah lepas jabatan mudah mudahan  mundurnya dengan keihklasan,netral
342,342,342,lebay,netral
343,343,343,semua manusia tak luput dari kesalahan n kekhilafansemua ini ambil khikmahnya  nasib rezeqi n bala allaah telah mengaturnya ,netral
344,344,344,tau batal haram tp gak punya adab agama cuman jadi kedok,netral
345,345,345,intinya mengolok mengejek itu gak baik jadi ya jelek,netral
346,346,346,rasakan dn jg hrs di boikot di tv,netral
347,347,347,sdh merasa bersalah,netral
348,348,348,ini lah gus miftahselalu jentelmen,netral
349,349,349,hmmmakhirnyafinis,netral
350,350,350,weswesgak usah banyak stigmen blablaablaagusmundue ya sudahini kan akibat ulah anda sendiri,netral
351,351,351,jangan banyak ketawananti banyak nangis,netral
352,352,352,lain kali jaga lisan jangan mudah mengaibkan orang,netral
353,353,353,kucingnya ikut menangis gus,netral
354,354,354,anda sudah bikin memalukan prabowo,netral
355,355,355,bagus  lah,netral
356,356,356,kamu seprti preman tidak layak kamu jadi lintas agama  menghina orang miskin hat busuk ,netral
357,357,357,allah swa telah memberikan peringatan dan cobaan kepada mu atas perbuatan dan pri laku selama ini terutama saat pilpres dimana dimata rakyat anda tidak adil dan jujur dimana sebagai seorang ulama atau seorang ustat selalu meremehkan manusia  ciptaan allah  sdr gus mufita banyak rakyat indonesia bahkan selevel anda sebagai ulama atau seoran ustat banyak tida sependapat dengan cara anda menghina sesama manusia apa lagi seorang yg tidak mempunyai kemampuan untuk hidup seperti sdr gus musfita tidak perlu membuka buka dan menyebut ayat alquran rakyat sudah kecewa dan mundur bukan hanya jabatan disandang yg ditugaskan presiden tapi berdakwa pun harus mundur,netral
358,358,358,apakah miftah ini msh pantas menjadi pendakwah lebih baik libur dulu deh   sampai batas waktu yg blm bs di tentukan introspeksi diri dan cooling down dulu ga usah banyak bacot ah,negatif
359,359,359,betul sebagai pendakwa  penghina,netral
360,360,360,keplesetsendiri,netral
361,361,361,1339,netral
362,362,362,jaman udah banyak  hp kemana2 harus jaga bicara sekarang cari kerjaan susah udah pejabat cuma salah ucap,netral
363,363,363,jangansuka menghinaorangkecilpakanda kan pendakwah,netral
364,364,364,tdk ada kata salut bagi saya krn anda sdh layak mundur,netral
365,365,365,dan akhirnya pejabat pertama yg mengundurkan diri dari jabatannya setelah dilantik pak presiden mulutmu harimaumuterbukti,netral
366,366,366,jangan lupapara netizenorang yg disebelah miftah waktu itu yg terpingkal pingkal sampai menepuk paha miftahdi usut  wajib minta maff juga,netral
367,367,367,saya selalu mengikuti dawah nya dia kayak lagak nya preman gak patut untuk panutan orang islam,netral
368,368,368,lebeh baik jual es teh dari pada jual agama,netral
369,369,369,jangan terlalu angkuh ,netral
370,370,370,          ,netral
371,371,371,rakyat jawa tenggah setuju gus goblok mundur pak prabowo,netral
372,372,372,baguslah miftah mundur dr staf khusus presiden  drpd msh bertahan utk menunggu di pecat malah lebih memalukan miftah setelah menghina dan merendahkan wong cilik tp allah menaikkan derajat hidup wong cilik itu setinggi tingginya dan allah menghinakan si miftah yg selalu menjual ayat dlm berdakwah tp ternyata  semua lisannya  itu tdk  sesuai dg prilakunya dan kebiasaan yg ternyata sering menghina dan merendahkan orang contoh nyata ketika merendahkan penjual es seniman senior yati pesek bahkan istrinya sendiri pun dipermalukan di depan orang banyak ternyata  kamu  begitu rendah ya miftah,netral
373,373,373,cramah lagi udah gk laku gus,netral
374,374,374,itu lebih baik bro,netral
375,375,375,ini adalah awal dari keretakan,netral
376,376,376,air mata buaya,netral
377,377,377,sebenarnya bpk yg engkau lecehkn itu g butuh umroh tp dia cm btuh di hrgai d btuh uangdr pd engkau umrohkan lbh baek uangnya km ksih buat modal ajannti kl sdh ada hsilnya biarin bpk itu umroh sendirikesanya kok di paksa untuk umroh,netral
378,378,378,bener gk tuh beritanya,netral
379,379,379,penuh hikmah yg dapat kita ambil dari kejadian ini semoga allah swt melindungi diri kita semua dari salah dan khilaf  aamiin ,netral
380,380,380,gus miftah menjadi contoh siapapun bila bersalah akuilah kesalahannya  jgn salah tetapi mengaku benar  salut  gus atas tanggung jawabnya  allaah sayang kepada hambanya n telah menyadarkan n menyelamatkan gus dari kekhilafannyasemoga gus miftah diberikan sehat selamat n tetap semangat ,netral
381,381,381,heh  beladiri tataumalu ihh,netral
382,382,382,syukur deh byk koq yg jauuuuuuuuh lbh pintar baik ganteng org kaya dari lahir soleh jujur dan tdk sombong pula,netral
383,383,383,alhamdulillah kalo beneran mundur karena akan memalukan prabowo,netral
384,384,384,galfok sama kebisinganya,netral
385,385,385,semua manusia pasti hilaf,netral
386,386,386,justru dengan kejadian ini alloh swt mlh sedang menjaga gus miftah yang sudah terkenal agar tidak terjerumus ke lembah kenistaan yang bertolak dengan peranya beliau karena sysitan selaku berupaya dengan seribu cara untuk menjwruskan manusia baik itu seorang ulama apa lagi seperti kita2 manusia biasa maka janganlah memojokoan dengan kesalahan seseorang masa seribu kebaikan yang telah diperbuat hanya dengan satu kesalahan lansung semua mejeleknan total dengan gus pdahal kita semua pasti punya kesalahan dan kehilafan ,netral
387,387,387,baguuuuus bangeeet  dia sadar diri,netral
388,388,388,kamu belajar akhlak dulu yg betul,netral
389,389,389,mulutmu harimau muistilah yang tak akan pudar,netral
390,390,390,indonesia luas banyak ragam  dan agama   dan penilaian bukan dari islam saja yg mendengar   baguslah mengundurkan diri,netral
391,391,391,sy kasih atas keputusannyaini namanya  jentlebkn seperti orang lainsdh benar2 salahmasih mencari pembelaan  pembenarandemi kedudukannya,netral
392,392,392,mg sukses sandiwara ny,netral
393,393,393,mengundu,netral
394,394,394,aja nangis gah guss ,netral
395,395,395,gus gimana rasanya jadi pemimpin banyak orang susah kan kamu baru jadi setaf dan baru sekali berbuat salah sedikit aja udah di katiin netizenkamu tau kan rasa tekanan itu dan kamu sudah nyerah dengan mundur baru sebulan banding kan dengan pak jokowi yang berusaha berbuat benar saja banyak cobaan dari di tuduh pki di tuduh koropsi dan di demo sana sini bahkan sudah lengser saja masih ada isu di suruh di penjara kan coba fikir bagai mana pak jokowi membawa beban itu semua dengan kuat dan sampai selesai masa pengabdian sebagai presiden jadi kamu baru tau dan merasakan susah payahnya pak jokowi membimbing rakyat indonesia jadi lain kali kamu harus pandai merawat negara indonesia semoga faham mks,netral
396,396,396,miftah harus tau diri,netral
397,397,397,sepertinya kalau tida virall  adat dan kebiasaan yang secara tida sadar akan selalu di lakukan ucapan ulama itu besar pengaruhnyasemoga bisa jadi pelajaran bagi semuanya bahwa adab sopan santun adalah  ahlak rosululloh,netral
398,398,398,makanyabanyak belajar untuk bertutur kataitu lahsifat aslikamuyang keluar secara spontanitas jadi allah itu adilmakanyakalau hidup itu harus bersyukurjangan sombongjangan merasa congkak jadi nggak usah menyesaliitu pembelajaran buat kamujadi nggak perlu klarifikasi sedih,netral
399,399,399,ini jadi contoh pembelajaran berharga bagi para pejabat di negeri ini  menjunjung tinggi etika  moral dn budaya malu  terutama takut melanggar sumpah jabatannya pd tuhan  janganlah kalian meniru para pasukan dajjal lanatullah yg terkutuk  yg tdk punya rasa malu  melakukan kejahatan dgn berlindung dibalik kekuasaan dn memperalat hukum ,netral
400,400,400,bsgussadardiri tingaldiambilhikmahnya gudtrskandakwah utkumatislam,netral
401,401,401,akusalut dengan gus miftah mengakui kesalahannya dan ambilkeputusan yang terbaik menurut gus mengundurkan diri karena mengambilhilmah dari kejadian yang telah ia lakukan dan tidakmembela diri tapi justru kemudian mejaga kabinet bp presiden yang baru agar tidak berkepanjangan   dampak dari kehilafan yang ia lakukan tetap semangat gus dan bisa sebagai suri tauladan untuk gus2 yang lainya agar lebih berhati2 dalm mengembangkan ilmu agamanya yang utama dari sikap dan tutur katanya bisa bercermin pda nabiyulloh muhamad saw amiin,netral
402,402,402,bagus sadar diri beralti dia orang kurang ajar tidak berakhlak memang tidak layak jadi utusan presiden,netral
403,403,403,lebih parah mereka bahar smit rizik dan roky refly harun roy surya dan faisal asegaf menghina mecaci maki pemerintah tapi tdk ada yg berani tangkap merekadibandingkan dgn gus miftahini contoh kecil yg tdk ada persatuan diantara tim prabowopihak lain menertawakan kita,netral
404,404,404,seharusnya memang layak utk mengundurkan diricontoh seorang ksatriaditunggu mentri ex kominfo yg tersandung judi online sesegera mungkin mengundurkan diri ,netral
405,405,405,kuwalat paleng,netral
406,406,406,memang wajib diberhentikan jika tdk ingin melakukan hal yg samadia bukan ulama ataupun penceramahmulutnya jahat sejahat yahudi,netral
407,407,407,kou yg menghina orang lain sekarang mendapatkan balasannya kou direndahkan oleh orang lain itulah hukum karma,netral
408,408,408,harapanku moga gus miftah menyadari akan kekilafanya memohon ampun kepada alloh dengan memperbanyak istifar agar mendapat pengampunan alloh swt,netral
409,409,409,ini buat pelajaran kita semua bahwa adab lebih tinggi dari pada ilmu,netral
410,410,410,tetap semangat gusjgn berenti melecehkan orang miskin jgn mewek dong kemaren di panggung begitu gagahnya ngatain orang goblok hahahaha,positif
411,411,411,binatang,netral
412,412,412,jani suroh al imrony di baca guss biar sy mgerti bunyi ayatnyg artiny ja,netral
413,413,413,bagus mundurlah jdi staf khusus juga gk ccok rambut panjang mulut gk disiplin apa yg harus jdi contoh,netral
414,414,414,sdh banyak yg tobat dari dakwah dia ,netral
415,415,415,keputusan mu ituuuukarena kmu viralmembuat kmu di hina dan jadi malu,netral
416,416,416,gara2 warganet bilang pecat2,netral
417,417,417,bagus mnding mundur aj orng sprti itu msh bnyk orng baik ko,netral
418,418,418,sukur alhamdulillah mau mengundurkan diri,netral
419,419,419,penceramah kondangyg di idolakan banyak umat islamdg mudah dihinakan karena ucapanya    semua ini hanya allah yg maha tahu dari keasliannya,netral
420,420,420,sukur alhamdulillah mau mengundurkan diri,netral
421,421,421,,netral
422,422,422,gus miftah  kesatria  ,netral
423,423,423,alhamdulillah tks ya allah smg yg bersangkutan kelak masuk surga ,netral
424,424,424,sayang sekali bukanya dari kemarin kau mundurnya gus ,netral
425,425,425,makan nya jngan sombong,netral
426,426,426,menangis menyesal,netral
427,427,427,lebih bagus begut shrusnya memberikan contoh yg baik apa lgi sorang tokoh agama malu atas apa yg tlah d lakukannyajangn mberikan contoh yg buruk,netral
428,428,428,emang tak sepantasnya orang yang mencla mencle jadi utusan presidendulu menghina presiden sekarang menjilat,netral
429,429,429,prabowo sangat percaya pada anda tetapi kepercayaan itu anda salah mempergunakan nya lebih2 menghina kehidupan org yg bekerja dg susah payah dan halal dari apa yg anda katakan kepada nya itu pembelajaran buat andabukan masalah kepercayaan prabowo tapi masalah omongan anda yg menghina org itu,netral
430,430,430,kekhilafan itu cukup sekali dan 1 orang yg d hina n sampai berkali2 dan lebih dari 1 orang yg d hinaharusnya klo bekas dari anak jalanan lebih tau harga dirinya dan bisa menghargai orang2 miskin orang lemah bukannya d hina gus gus,netral
431,431,431,blangkon itu simbol dari kebagusan hati dn jiwabukan simbol ucapan di lisan yg manissecara psikologi jiwamu memandang orang sebelah matabagiku lbih baik pake topi kyk aku,netral
432,432,432,kemaren dg bangganya hina orang sekaeang namggis dg pembelaan diri dasar semprol,netral
433,433,433,bercanda boleh tapi pada tempatnya dan jangan menyakiti orang,netral
434,434,434,kan gus perna ngomong saya tidak butuh jabatan,netral
435,435,435,penyesalan tidak akan merubah masa lalukekawatiran tidak akan merubah  masa depan,netral
436,436,436,akhirnya kembali kederajad yang aslinya,netral
437,437,437,harus kita renungkan sabda rosululloh saw  doa orang yg di dzolimi itu mustajab dan di lzabah oleh alloh swt,netral
438,438,438,nasi dah jadi bubur,netral
439,439,439,ga ada lg yg ngundang,netral
440,440,440,gus bully aq mau di bully  jg biar dpt rezeki banyak,netral
441,441,441,abdul somad saja gak gitu gitu amat mulut nya yg paparan nya jelas dakwah nya bagus ini mulut rusak ahlah 0,netral
442,442,442,hebat bagus msh ada hati nurani mu jadikan semua ni pelajaran pak kdpn semoga jgn di ulangi lagi hati2 dalam berucap semua perkataan itu ada tempatnya,netral
443,443,443,baca qs al hujurat ayat 11 sd 13 biar paham gus,netral
444,444,444,bagus lh masa orang ber agamabisa merendah kan orang yg lg cari rizki,netral
445,445,445,mknya lu pny mulut jgn asal jeplak sdr sm diri lu yg sdh d angkat derajatnya sm allah swt eh mlh menghuna orang lain jadi pendakwah itu harusnya tau memanusiakan manusia bukannya menghina dengan kt2 goublok n itulahjgn merasa sdh jadi pendakwah lalu dgn seenaknya pny mulut asal keluarbukan 1 2 orang yg lu hina hai pendakwah gk beradab,netral
446,446,446,aku yakin kalau ada 10 orang saja ber jiwa seperti ini di indonesia pasti indonesia ini makmur mantap bg gus miftah,netral
447,447,447,ga usah pake nangislah guswis kadong sego jadi buburmenghina mencela sampai sampai di sebelah mu tertawa terbahak bahak tanpa anda stop,netral
448,448,448,yoh  seidaknya ijik duwe isin  wes munduro ra ono sing gondeli,netral
449,449,449,udahlah miftah lebih baik kamu mundur sebelum dipecat secara tidak hormat,netral
450,450,450,lengkap sudah bakso sama es tehgk bahaya ta,netral
451,451,451,jangan nangis lokkkkkitu karma muuuuu lokmasih carmuk aja lok,netral
452,452,452,sudah terll sering minta maaf harusya klo udah minta maaf jgn diulangi,netral
453,453,453,ketika 1000 kebaikan di abaykan dengan 1 kesalahan begitulah manusiya yg gx punya hati nurani,netral
454,454,454,orang yg pinter blm tentu benersedangkan orang yg bener billa berkata sangngat berhatipelajaran buat yg katanya gusini lh  pengallam ilmu tanpa gurusrkalipunya guru gurunyanya seindonesiambok mallu bin isiin,netral
455,455,455,mantap saya salut sama gus miftah ini sudah direncanakan alloh swtbuat contoh di pemerintahan pak prabowo subianto barangkali nanti ada pejabat yg salah harus berani mengundurkan diri,netral
456,456,456,senang hati dan bagus lah mundur biar gak terlalu cobak tunduk lah,netral
457,457,457,mending mundur drpd bikin malu dan malu2 insgr bebenah dr,netral
458,458,458,bagus masih punya rasa malu,netral
459,459,459,mantab,netral
460,460,460,dihancurkan allah dengan sehancur hancurnya alhmdllah ya rob,netral
461,461,461,kalo dakwah membaca hadist atau isi quran liat tablet mah anak sd juga bisa,netral
462,462,462,saya respek smoga allah memuliakan mu,netral
463,463,463,ngga usah nangis guuus harus tegar setegar apa yang gus pernah ucapkan kepada orang lain guuus nangis minta belas kasihan dari bp presiden yaaaa biar di pindah kan jabatan nyah,netral
464,464,464,dh jangan bersedih jika tidak mengundur diri juga akan di berhentikan ,netral
465,465,465,nangiso seng banter,netral
466,466,466,udlah gk usa exting lagi broair matamu tidak ngaru buatku,netral
467,467,467,jadikan pembelajaran jgn berhenti di pak sunhaji sajatp utk yg lain jgkrn seblm nya jg mngkin bnyk yg tersinggung bahkan malu atas candaan yg maaf aroganjadilah penceramah yg menyejukkan bukan mengundang tertawaan berujung menjatuhkan mental  seseorangsemangat berhijrah gusmnjd lebih santun dalam menyampaikan dakwah,negatif
468,468,468,semuaini ada hikmahnyamudahan kedepanya bisa lbh santun dlm bertutur kata,netral
469,469,469,alhamdullillahsudah faham dengan firman allah yang di baca sendirisemoga taubatnya di terima allah,netral
470,470,470,orang laki bs nangis jg ya,netral
471,471,471,lhooohbisa nangis alkhamdullilah kalau bisa nangis ,netral
472,472,472,dawah nya yg byk arti bagi orang byk di seluruh nusantara bermanfaat bagi umatnya yg mampu mencerna tausyiahnya yg berilmu byk yg di petik dari seorang gus miftahhanya bagimu yg berbudi pekerti orang2 yg tau getir pahit kehidupanyg komen seenaknya cb bandingkan biodata gus miftah dgn kyai atau pendakwah lain secara detail di seluruh nusantara baik yg mna mas brow jd gus mundur dr jabatannya bukan karena salah sepenuhnya atas ungkapan itu kpda pjual es tehbagi saya itu kata2 biasaapapun ucapan nya tergantung penyampaian dan expresinya kbyakan yg komen gak bermutu asal ngejeplak ngaca donk siapa kt ukuran utk mjdi orang yg bisa membuat orang lain tersenyum berjuang dari utk diri sendiri hingga utk santri2 bahkan utk orang byk di negri ini tdk mudah dan tdk sbntar brow jd jgn bertepuk sebelah tangan buat siapapun anda mari kt sama2 bljar dari kesalahan yg tdk hanya sekedar ngomong sambil merokok yg harganya 35 rb perbungkus tiap hr tanpa menghiraukan sesama gus miftah luar biasa aku suka ceramah nya dan pingin ilmu nya semoga gus miftah selalu sehat di pjgkan umurnya aamiin salam warass,netral
473,473,473,mangkanya ga usah aneh aneh ingat ada pribahasamulutmu harimau mu gus,netral
474,474,474,banyak video orang yg dia hina buakan hanya satu kali makanya gua punya lisan dijaga inget gus dulu bukan siapa2 tapi karna kebaikan gus dimasa itu allah swt mengangkat derajat gua setelah diangkat derajatnya gus malah lupa dan angkuh makanya nikmat yg allah swt beeikan sekarang perlahan dicabut lagi oleh pemberi nikmat allah swt gus muhasabah diri siapa gus dulu sebelum dikenal orang,netral
475,475,475,alhamdulillahahirnya,netral
476,476,476,salut buat gus miftah panjenengan gentleman mengakui semuanya walaupun sebelumnya dalam desakan secara tidak langsung panjenengan diselamatkan mudah2an selalu istiqomah dalam misi berdakwah yang santun mudah2an selamat dunia dan akhirat aamiin,netral
477,477,477,ngakak ala usman ali,netral
478,478,478, kemarin dgn banga tertawa skrng mewek dgn rendah hati,netral
479,479,479,ternyata cengeng jga,netral
480,480,480,makax jadi orang jgn  suka meremdahkn orang lainjgn membusungkan dadadi atas langit masih ada langitperbuatan apapun pasti ada balasanxlebih baik intrufeksi diri,netral
481,481,481,jgn lupa sholawatmu hasbi rabbi jaallahu masfikolbi ghoirullah,netral
482,482,482,di tekan dri masyarakat gus karnatdk pantas lu jdi kabinetnya pak prabowo karna omonganmu yg sombong kemlinti,netral
483,483,483,gus semangat trs maju trs agak saja ini adalah teguran dari alloh supaya gus menjadi pendakwah yg baik dn lbh baik  sht slalu gus,netral
484,484,484,nauzubillah banyak lalat menghinggapi badannya pertanda apa  apa blm keramas malam jumat atau belum gosok gig salam dari persatuan lont,netral
485,485,485,dh bgs jngan  bersedih jangan dalil ,netral
486,486,486,tidak ada yang hebat di dunia ini kalau tidak ada akhlak tidak perlu dihormati,netral
487,487,487,penjual es itu cari uang susah payahnya untuk nafkahin kluarganyamasih aja dihina,netral
488,488,488,biasa bos politik,netral
489,489,489,kalau boleh usulustad adi hidayat insya allah lebih tepat,netral
490,490,490,belum khawat menerima pangkat dan jabatan ,netral
491,491,491,siapapun dan dimanapun tetap bisa menjaga lisan dan ucapan,netral
492,492,492,ah pencitraanlebih baik mundur daripada menimbulkan banyak fitnah karna belum cocok jd pejabat,netral
493,493,493,smg kdpnnylbh baik  n lbh bisa mnjga n mnghrgai orng lain,netral
494,494,494,dulatttt,netral
495,495,495,nasib bisa di robah tapi takdir dari ilahi g mungkin bisa di robah nya smg semua menjadikan perhatian dan jadikan sebuah hikmah yg terbaik,netral
496,496,496,respect sama gus miftahberani berbuat berani bertanggung jawabjgn di ulangi lagi ya guspelajaran buat kita semua,netral
497,497,497,gus antum dipercaya sm pak prabowo loh tp knp sprti itu gus surat alimron ayat 26 msh antum liat diteksastagfirullah gus,netral
498,498,498,ya alhamdulliah yg ga kuat memikul tnggung jawabagama dan negara,netral
499,499,499,sementara sekali jabatannya mas belum bekerja sudah habis mas seng sabar yo mas dakwahnya di musola wae lbh bagus,netral
500,500,500,itu nama nya lakiklau salah ngaku salah  jd pantas klau gus ngundur kn diri  akhlak nya blm bersih,netral
501,501,501,klu dikit2 salah ngomong mundur dari jabatan  ini merupakan kelengahan dan ketidak dewasanya sehingga lawan pasti tepuk tangan dan gembira  perlu kehati hatian tuk semuanya,netral
502,502,502,alhamdulillah nyadar diri,netral
503,503,503,gus makanya lain kali kalau guyon hati2,netral
504,504,504,apapun keputusanmu itulah hasil perbuatanmu yg kau tuai,netral
505,505,505,mundur memang masih bnyk yg lebih bagus dari yg bagus memalukan presiden,netral
506,506,506, gus miftahalhamdulillah panjenengan bersikap legowokarena kejadian itu orangorang  banyak yg menghujat panjenengan tapi saya pribadi tetap senang pada panjenengan karena dengan ucapan panjenengan pak sunhaji langsung terangkat derajatnya ini menjadi bukti nyata kebenaran ayatayat alloh semoga menjadi pelajaran bagi kita semuatetap semangat utk berdakwah dengan gaya karakter panjenengan dengan tulus karena alloh,netral
507,507,507,tangisan p3nyesalan mau jadi pejabat g jadi yq mif,netral
508,508,508,bener apa yang engkau baca tadi di dalam surah al imranbahwasanya allah sangat mudah memuliakan seseorang dan menghinakan seseorangmungkin ini yg sedang kau alami karena mulutmu yg gk bisa disaring disetiap memberi dakwah,netral
509,509,509,lebih baik ngundurkan diri bro biar aman pedagang miskin,netral
510,510,510,alhamdulillah,netral
511,511,511,alhamdulillah beliau mundur,netral
512,512,512,kok cengeng sih taim,netral
513,513,513,bgi para semua yg komen kl komen mkr dlu dong manusia di dunia itu ga ada yg sempurna semua pnya kehilafan tp knpa seorg gus miftah makinntrpojok dan di pojokan hay pa sunami di mana hr nuranimu skrg bgn pa bnyak yg lain hdpnya di bawah sampean  bangun pa sunaji,netral
514,514,514,begitu songongnya akhir nya nangis nyesel ya,netral
515,515,515,semangat gus itu semua kehendak yang maha kuasa,netral
516,516,516,alhamdulillah,netral
517,517,517,dulu pernah menghina gus samsudin,netral
518,518,518,mungkin karma karena orogan waktu kmpanye pilpres,netral
519,519,519,bagus undur sendiri daripada dipecat terasa hinadilihat dari segi penampilan pun orgnya seperti org tidak berilmu agamahanya penunggang agama demi jabatan dan wangmalunya sepanjang hayatbalik kamunglah kawan belajar hukum islam sedalamdalamnyasok sok alim,netral
520,520,520,itu artinya allah tdk merestui,netral
521,521,521,tetap semangat gus masih banyak yg mencintai mu kerna kami tau gus  adalah org baik dan bisa membuat motifasi buat kami tentang agama dengan carah gus mita,netral
522,522,522,lapo nangis barang ngk jentelmen biasae ngablak ae,netral
523,523,523,baru jdi staf presiden jd ga lulus   apa lagi jka bicara dakwah agama banyak yg kontrofersiapakah anda bisa lulus di mata allah  wallahu aklam,netral
524,524,524,inilah nma gusustad jangan kan perkataan bnar nya perkataan buruk nya juga bisa ngangkat derajat nya orang tersebut mudahan smua nya dpat hikmah nya  dari yg baik mnjadi lebih baik dari yg buruk mnjadi baik,netral
525,525,525,katanya menghormati menghargai rakyat tetapi sampai bilang rakyat goblok apakah itu yang di katakan menghargai rakyat,netral
526,526,526,kesombongan menghancurkan segalanya,netral
527,527,527,setiap ceramah mu aklak terlalu rendah meremah kn orang engk ada bezanya sama si bahar sama aja,netral
528,528,528,nk dakwah yg baik2 kyo gtu lelucon tok isine,netral
529,529,529,ngak usah menangis gus,netral
530,530,530,ente sih dr dulu dah kelaquanngomong gak di ayak,netral
531,531,531,kadang mmg ga bisa tahan lisan  ni orang,netral
532,532,532,sabar gusmanusia tidak luput dari kesalahan semoga ada hikmahy,netral
533,533,533,           ,netral
534,534,534,ya gitu dong lebih baik mundur terhormat dari pada bertahan nanti rakyat tambah muak melihatnya,netral
535,535,535,jgn bawa dalil agama krna anda tau agama tapi ucapanya ga mencerminkan agama ,netral
536,536,536,la ngeneki coba pie hti nuraninya pa sunami trhdp gus miftah krna gara2 gus miftah sampean jd banjir rejeki trima kasihmu sm gus miftah mana pa sunami jgn diam aja lo udh bnjr rejeki gra2 gus miftah,netral
537,537,537,gus aku pisohano  ben oleh duwet akeh ambil hikmahnya tukang es dpat rejeki bnyak perantara gus miftah allah ngasih rejeki jalan nya lewat ini semangat gus,netral
538,538,538,gus dikerubungi lalat gus mungkin belum mandi gus maaf gus guyon,netral
539,539,539,dengan kejadian ini semoga menjadi pribadi yang lebih baik dan bertutur kata dengan baik dalam berdakwah,netral
540,540,540,itulah jaga lisan   jgn ngerendahin org sembarangn allah angkat derajat manusia g tanggung2  langsung melesat,netral
541,541,541,kebanyakan dalil sok ndalili percuillll ciiiuuk,netral
542,542,542,ojo nangis mas jabatan yg paling utama yg tidak menghina orang lain itu jabatan kekal,netral
543,543,543,menangis karna ditekan suruh mundur,netral
544,544,544,mudah2an gus miftah selalu di berkahi semua  aktipitasnya oleh alloh amin,netral
545,545,545,baguss lah klo mundur,netral
546,546,546,tuh yg di samping kiri kanan gus miftah yg tertawa terbahak bahak suruh minta maaf juga,netral
547,547,547,syukur lah kalo sadar diri,netral
548,548,548,kalo aku sih yes,netral
549,549,549,ambil pelajaran n hikmah dari kejadian inibuat kita semuadan klu allah swt menghendaki semuanya bisa terjadi,netral
550,550,550,lidah licin bawa berkah penjual es teh amin  dan bawa aib utk diri sendiri ,netral
551,551,551,jadilah ulama yang berakhlak mulia biar jadi panutan,netral
552,552,552,skrng bkn gus lagi gus itu asli keturunan dr kiyaijadi skrng kembali ke pengaturan awal taim,netral
553,553,553,alhamdulillah sadar ,netral
554,554,554,gayamu sok sok an mewek,netral
555,555,555,hmmmgus gus miftah sudah semakin tenar tenar tenarmalah mencacat orang dengan omongannya yang menyakiti hati dengan penjual minumanbikin semua gregetan sebagai seorang ustad tersohormalah mencacat sendiri atas omongan yang hina rakyat bawah cacat sekali bisa cacat seumur hidup lhoo ustad usahakan gus miftah perbaiki lah perlakuannya seperti awal2 merintis ketenarannya,netral
556,556,556,makanya jangan jorok klau ngomong gussekarang klihatan kalau cengeng,netral
557,557,557,bagusssss lebih baik mundurrrkarena gusssmasihhh jauhhh belum layakkkkilmu dan adam nyamasih rendahhh,netral
558,558,558,lebih hormat mengundurkan diri dari pada dapat surat suruh mengundurkan diri lebih baik sadar dari pada di sadarkan dan ingat murka allah lebih penting kita pertimbangkan daripada jabatan,netral
559,559,559,kog nangis gak mentang2 spt saat ngata ngatai penjual es teh yg lalubagus mengundurkan diri sajabagusdari marginal lupa aslinya saat ngata ngatai penjual es teh,netral
560,560,560,ngocehhhh trussss kamu mitta uda salah  y salah   jdi orang jgn smbong,netral
561,561,561,alhmdllh mundur rugi saya bayar pajak buat ngegaji pejabat kaya lu miftha  baru sebulan di lantik  bukannya melayani ke masyarakat malah menghina masyarakat,netral
562,562,562,smoga saja ini buat contoh bagi mubalig  kiyai dan habib serta ustad    jngan sampay seperti ini karna manusia dilahirkan ke dunia dalam keadaan telanjang pulangpun tlanjang    janda ada yg sempurna,netral
563,563,563,kita jgn bicara masalah pendapatan penjual estehnya duludari mengenai ucapannya gusmiftah lbh dahulumenurutku tsk selayaknya di ucapkan kata kotor merendahkan oranglain yg dgn sekelasnya toko agamapemuka agamajustru gusmiftahlah yg kasih contoh terbaik di hadapan masyarakat lingkungan di sekitar,netral
564,564,564,gantle dan ksatria hanya iblis jumawa yang tidak bisa meminta maaf dan memaafkan seperti komentatorkomentator nyinyir pada  konten ini,netral
565,565,565, gus miftah,netral
566,566,566,mending jadi warga biasa sederhana mas miftahsalut aku semoga tetap jadi ustadz yg baik,netral
567,567,567,ngelawak wae taim pasti pas buat ente yg slengean,netral
568,568,568,ohhh iya ya kan kamu mundur karena keinginan tekanan yg kuat dari masyarakat indonesia  atas semua tingkah lakumu mbah miftah ,netral
569,569,569,jadi kebelakangnya kalau mau bicara pikir dulu gus jangan asal ngomong andai korban nya orang madura sudah habis kau gus,netral
570,570,570,sabar gus miftahyg sabar yasetiap manusia tidak ada yg  sempurna,netral
571,571,571,klo gue punya prinsip klo kt akan dihormati dan dihargai orang maka kt hotmatilah dn hargailah orang lain  yg tidak mengenal baik yg tinggi maupun yg rendah itu prinsip gue,netral
572,572,572,semoga gus miftah mundur nya dr stap ke presiden mundur juga dr mihibin habib,netral
573,573,573,bener sampean sadar,netral
574,574,574,lantas bagaimana manusia2 yg tidak ada henti2nya menghujat  mengihina  merendah rendahkan pak jokowi dan sekeluarganya hingga sekarangapakah di biarkan begitu sajaatau perlukah di rujak habis2an,netral
575,575,575,inilah nama kehancuramu dus miftah jangan mentangustat terkenal lupa daratan,netral
576,576,576,andai tukang ngakak itu tidak ada disitu mungkin tidak seheboh ini entah mengapa damage ngakak itu bikin geram netizen,netral
577,577,577,mulut mu adalah harimau mu dan ambil saja hikmah nya,netral
578,578,578,makanya kalau ceramah jangan cengegesan mulu akhirnya blunder ,netral
579,579,579,apakabar nya dengan orang yg tertawa nya oper yg di samping kanan kiri mbah miftah belum ada klarifikasi permohonan maaf nya,netral
580,580,580,berhati2lah gus kehancuran mu pasti akan d tunggu oleh org2 yg selama ini kontra kpd pak prabowo,netral
581,581,581,alhamdulillahini pelajaran buat kita semua,netral
582,582,582,mkanja atiati bekerja ucapan darimulutkita adalah doa,netral
583,583,583,sebagai teladan buat kita semuatiada yg sempurna kehilapn adalah guru klebihan adalah titipan allah,netral
584,584,584,kapok kuwi karmamu tat,netral
585,585,585,semangat pk gus miftah manusia gak ada yang sempurnagak ada yg luput dari kesalahan pk gus miftah,netral
586,586,586,1000 kebaikan tdk akan terlihat dgn 1 kesalahan semangat gus aku yakin pean orang baik,netral
587,587,587,ada sebab ada akibatkita kembalikan pada diri kita  sendiriapa ini yg dinamakan qadho dan qodar,netral
588,588,588,diangkat derajadnya seseorang dapat terjadi karena adanya penghinaan atau pelecehan dan swseorang akan terhina dengan sehina hinanya adalah karena dirinya sendiri,netral
589,589,589,pintar dakwah   tapi mnghina orang  hadeeeeeh   ilmu agamanya tunggu selangit   tapi ga punya ahlak dan adab,netral
590,590,590,pantas miftha maulana di beri hukuman fisik karena mempermalukan pemerintah saat ini pura2 lagi orangnya beriman ,netral
591,591,591,ini lah yg pepatah bilang mulut mu adalah harimaumu mk hati 2 gunakan mulut mu,netral
592,592,592,mundur jaoh  boss,netral
593,593,593,inilah yg bukti dari kata2 nasehatmulutmu adalah harimaumusemoga jd pembelajaran berharga utk kita semua,netral
594,594,594,sabar aja semua itu kehendak yg maha kuasa yg penting kita merasa bersalah dg kesalahan tanpa di sengaja orang ga ada yg sempurna kita semua ga usah menghujat dg kesalahan tpi harus belajar dari kesalahanomongan salah kl jd berkah sama orang yg kena ledekan yg penting yg di ledek dan terhina kan ga merasa apa2 apa lgh ke jadian ini jd hikmah dan berkah orang itu jd ter angkat harkat derajat nya amiin,netral
595,595,595,inilah akibat org usil vidio lama di putar kembali buat bg gus miftah bersabar ulah ulah org iri dengki di balik semua inih,netral
596,596,596,di negeri ini sdh terlalu banyak gus gus palsu yg meninggikan drajatnya sendiri,netral
597,597,597,alhamdulillah bang kau sadarmulutmu adalah harimaumu bangapa yang kau tanam ituyang kau tuaijangan sudah merasa kita memiliki segalanya dan apa yang kita inginkan pasti adajangan sekalipun kita merendahkan derajat orang yang tidak punyatidak mampu,netral
598,598,598,jangan nangislah klo berjiwa besar,netral
599,599,599,gus miftah orang baikdia sudah tau sebelumnyadia memang senggaja menghina bapak penjual es tehsupaya jadi viral bapak jual es teh jadi orang terkenal buktinya nyata jadi kebenaranbuat bpk penjual es teh seharusnya berterima kasih banyak dan memaafkan gus miftah,netral
600,600,600,hore mifta mundur,netral
601,601,601,ko nangis kamu lakilaki kan,netral
602,602,602,yes akhirnya,netral
603,603,603,mohon maaf sebelumnya bisa kita mabil hikmah dari setiap kejadian ini mungkin allah swt  mengangkat derajat seorang bapak sunhaji melalui seorang ustadz miftah dan hal ini menjadikan sebuah pembelajaran untuk ustadz miftah dan untuk kita semua dalam segi perkataan atau prilaku ,netral
604,604,604,mana2 pejabat yg suka mengecil ngecilkanmenghina warga sipil selepas ini kena berani buat tindakn yg sama dgn gus miftahjgn udah salah mcm2 alasan pula untuk pertahan jawatanberani bt berani tanggungbaru gentle,positif
605,605,605,percuma punya gelar agama atau gelar pendidikan percuma paham agama klu tidak punya ahlak adab actituteseorang pabrik figur hrs nya memberi contoh yg baik tutur kata prilaku bahasa ingt semua hanya bersifat sementara dan titipan kun fayakun  klu kata2 goblok di sampaikan kepada para koruptor pejabat nakal para penjilat itu baru pasdoa orng terzolimi lbh d dengar oleh allah silahkn buktikan hancur wibawa anda,netral
606,606,606,semoga dapat di contoh oleh para pejabat yg lain sikap legowo mau melepaskan jabatan nya jika terbukti tidak layak lgi untuk menjabat sebuah jabatan ,netral
607,607,607,lebih baik begitu biar jadi contoh aparat negara lainya semangat gus,netral
608,608,608,ya dri pada di pecat mengatasnamakan mundur,netral
609,609,609,bak pitatah mulutmu harimaumuyg akan menerkammu,netral
610,610,610,anda mencoret nama anda sediri mencoreng muka dengan kata gmu,netral
611,611,611,lebih baik mengundurkan diri dari jabatan pendakwah dan juga jangan menangis apa dihati ada penyesalan tuk meninggalkan,netral
612,612,612,ambil hikmahnya bisa ditiru oleh pejabat atau siapapun atas perbuatannya,netral
613,613,613,,netral
614,614,614,sy suka gus miftah tdk munafik ceramah di mana saja,netral
615,615,615,aku ngga mudeng dg sgl alasannya makin banyak bicara makin kurang simpati sudahlah yg penting banyak2 lah bermuhasabah,netral
616,616,616,sayang ya gus jabatan terhormat yg dipercayakan utk lkut membangun bangsa dan negara cuma seumur jagung,netral
617,617,617,setingkat ustadz ojo olok olok lah olok olok itu di larang oleh agama,netral
618,618,618,mohon maaf bukan sama manusia manusia ga bisa apa apa mohon maaf dan ampun kepada allah mudah 2 ujian ini menjadi lebih baik lagi dan berakhlak kepada muslim yang miskin ilmu,netral
619,619,619,betul guspunya dawah masing  karakter berbeda,netral
620,620,620,ya mau ga mau harus bgtupk agusibarat org lg jalan kepleset pkbuat yg lain sebagai panutan agamajaga lisan andamulut mu adalah harimaumu,netral
621,621,621,sabar gus sabar inih haya cobaan org org di blkang sampean masi bisa memaklumi manusia tempat y salah dan khilap,netral
622,622,622,jadikan semuanya pelajaran dn pengalamanhidup  serta berusaha menjadi lebih baik,netral
623,623,623,kami tidak perlu dakwah mujijik mendengar nya lebih baik jaul teh manis masih ada rasapercuma jual agama tidak punya rasa ,netral
624,624,624,asalamualaikum gus alloh maha pengasih dan peyanyang manusiya tida luput dari semuda kesalahan,netral
625,625,625,fyp gus sampe luar negri gus hebat anda,netral
626,626,626,mundur sja itu lebih baguspintar aja baca firman allah tpi ga bisa jg mulutsaya sangat bersyukur klo anda mundur,netral
627,627,627,ngak pp mundur mas gondrongwalaupun punya ilmu tinggi jgn rendahkan orang lainbiasa saja ngk usah nangiswaktu modohkan orang kok ketawa,netral
628,628,628,jangan buka2 ayat gus udh ngk pantas,netral
629,629,629,ngomong apa gus lain cerita mu,netral
630,630,630,menurut saya setiap orang ada kesalahannya jika gus miftah orang baik ada kesalahan kita harus memaafkannya,netral
631,631,631,assalamualaikummasa allahini lah sosok penceramah stapsus presiden yang dmn di saat berceramah guyonan nyah tak sengaja lukai hati orang lainmohon maaf dn mundurkan diri tampa keterpaksaan orang lain saya amat sangat kagum denganustad yusnitaatas kerendahan hati ustad  mohon berbeda dengan penceramah yng lain  mengkritik menyinggung dn hina merasa orang yang paling sucisemoga allah swt memberikan kesehatan dan selalu dlm lindungan allah swt amin,netral
632,632,632,betullbanyak hikmahx bagi bpk penjual es itu karena nasibx berubah total karna kata kata gus miftah,netral
633,633,633,gus miftah berjiwa besarhanya allah yg maha memiliki kesempurnaanallohu akbar,netral
634,634,634,rezeki urusan alloh bukan ustad bukan gus gus bukan bro bayangkan kalo yg di bilang goblok bapa lu gmna sakit hati gak,netral
635,635,635,salut buat gus miftah jentel man sejati berjuang bukan karena jabatan tapi berjuang ikhlas karena agama ,netral
636,636,636,mulutmu harimaumuambil hikmahnya,netral
637,637,637,tampang jauh dari ulama  dia sendiri pernah bilang di pondok hamya penjaga kandang ayam,netral
638,638,638,freeetttt tisu mana tisuuuu,netral
639,639,639,alhamdulillah ya allah akhir nya apa yg di inginkan masyarakat indonesia terjadi hari ini   semoga mendapatkan pengganti yg lebih baik lgi yg mempunyai adab dan etika sebagai pejabat pelayan masyarakat  ,netral
640,640,640,jual es teh aja miftah jgn sok tau agama allah buka kedokmu,netral
641,641,641,sejarah baru di indonesia gara2 kalimat gus miftah hikmahnya membawa rezeki yg luar biasa buat penjual es teh adlh sebuah anugerah kemuliaan yg tertinggi  krna baru kali ini rakyat biasa seorang gus miftah bs lsg di percaya oleh seorang presiden ri pdhal spjg indonesia merdeka blm ada ambil hikmahnya utk saudaraku di tanah air,netral
642,642,642,gentleman semoga dikuti pejabar  yg salah atau korup,netral
643,643,643,suka kamu mundur ia tak mundur pun ia ,netral
644,644,644,makanya jangan arogan ,netral
645,645,645,yang tertawa terbahakbahak macam mau lompat sebelah kanan gus miftah itu parah juga,netral
646,646,646,alhamdulillah kalau sadar diri,netral
647,647,647,kok bisanya masih gak mau mengakui bhwa  kamu di pecat itu atas permintaan seluruh rakyat indonesia,netral
648,648,648,ganti sama tgbbaru mantaap,netral
649,649,649,bukan soal ratusan jutaini msalah akhlak dari seorang ulama yang tidak sepatutnya mengeluarkan kalimat kotormulutmu harimaumu,netral
650,650,650,betul guspunya dawah masing  karakter berbeda,netral
651,651,651,baguuus mundur ajja udah titik,netral
652,652,652,ketika amanah kita lebih besar lebih berat dan jadi panutan umat alangkah lebih baiknya kita lebih menjaga lisankarna lisan bisa menaikkan derajat kita dan juga bisa menjatuhkan kita semoga kita bs menjadi manusia yg slalu introspeksi diri  dan berhati2 dalam berucap,netral
653,653,653,mulutmu adalah harimaumu,netral
654,654,654,gitu donglebih di jaga lisanmulidah itu lebih tajam dari pedang ,netral
655,655,655,keputusan itu karna di suruh presiden parabowopastinya,netral
656,656,656,bukan pertama kali gus miftah menghina penjual es tehini karena viral saja dia mau minta maaf,netral
657,657,657,drama ygsangat membagong kan,netral
658,658,658,baguuus bangeet dari pd membawa nama presiden dan syiear islam tercemar oleh orang islam yg arogannn kaya habib no  rusak ajaran islammm dari nabi saw,netral
659,659,659,miftaj terlalu banyak komen singkat saja jelas dan padat tak perlu penjelsan,netral
660,660,660,jadikan  pembelajaran kita semua ambil hikmahnya,netral
661,661,661,pembelajaran ke depan mnjd lbh baik tetep semangat ,netral
662,662,662,kadang manusia lupa kalo lagi diatas,netral
663,663,663,diambil hikmahnya gus semoga dg kejadian ini bisa menjadi pribadi yang lebih santun allah menegur anda lewat bapak penjual es teh karena dg kejadian ini akhirnya anda sadar jika selama ini perkataan yang anda anggap sepele ternyata banyak menyakiti hati orang lain,netral
664,664,664,mundur saja nggk ad gunanya,netral
665,665,665,kali ini saya respek kepada anda gus miftah,netral
666,666,666,diangkat derajat anda miftah tapi lupa diri karna jabatan dan tenar menjatuhkan derajat pedagang kecil anda miftah meredahkan org hari ini anda berbalik yg direndahkan,netral
667,667,667,beliau di pecat olh pak prabowo tp bilangnya mundur dg tujuan menutupi rasa malu karna pemecatan itu,netral
668,668,668,nangisi opo gus,netral
669,669,669,lebih baik mundur lach gus dari pada lisan mu tidak bisa dijaga etika nya terhadap wong cilekhabis mundur terus jualan es teh aja gus,netral
670,670,670,gua ga butuh gombalan lu bro,netral
671,671,671,sudah terlambat kang untuk meyesal perbuatan  mu,netral
672,672,672,tepat sekali karna itu memang gak tepat kalau buat orang yg tidak tepat mungkin lebih terhormat kalau mengundurkan diri saja,netral
673,673,673,alhamdulila gus  kembali ke pitra manusia smoga di ridhoi allah swt,netral
674,674,674,si miftah anda terlalu sombongkarna posisi lagi di atasliat kebawah yg lain keciltidak kontrol diri lupa diri lupa daratan,netral
675,675,675,kuasa allah swt itu benar adanya jangan menghina orang lemah  krn mereka doanya tembus kelangit tanpa ada halangan,netral
676,676,676,jooooskiyai gk pantes di anutgk punya adab suka merendah kan orang,netral
677,677,677,ganti habib jafar nih mantap,netral
678,678,678,yayaya jiwa kesatria gus gk ada perlu vidio model gini,netral
679,679,679,bagus dan sempurnakan dulu jiwanya karena kekhilafan yg berulang ulang itu adalah penyakit,netral
680,680,680,yayaya jiwa kesatria gus gk ada perlu vidio model gini,netral
681,681,681,mudah mudahan ada pekerjaan yg lebih baik ya pak gus jgn bercanda sama pedagang yg lebih tua semangat gus miftah,netral
682,682,682,akui kesalahanmuitu smua ulah kamu sematakamu cocoknya membanyolkamu gak patut jadi pendakwahkalau sudah begini silahkan kamu tertawa spuas puasnya,netral
683,683,683,yayaya jiwa kesatria gus gk ada perlu vidio model gini,netral
684,684,684,skalian sama orang2 yg disekeliling gus miftah,netral
685,685,685,bisa dicontoh pejabat yg lain  termasuk yg korupsi mundur,netral
686,686,686,mudur alon2 lebih baik dari pada mudur lompatyang jelas pada hikmah nya ke bapak penjual es  rendah di mata manusia tinggi di mata allahsakit kalu jdi anak orang tua di buat kaya gini ,netral
687,687,687,prilaku dan titut itu perlu,netral
688,688,688,tak layak lo jadi seorang penceramah karna tak sesuai dgn ucapanmu banyak belajar lagi ya salamatul insan bihifdil lisan ingat itu,netral
689,689,689,hilaf nya orang alim masih membawa keberkahan pada orang lain,netral
690,690,690,jgn bicara  allah  ustad apaan itu menghina wong cilik  belajar dulu lu ilmu tauhid 100tahun lgi baru lu jdi ustad,netral
691,691,691,syukurlah jika gus menyadari nya,netral
692,692,692,prilaku dan titut itu perlu,netral
693,693,693,jempol buat gus miftah yg ga membela diri atau mencari pembenaran mengakui kesalahan dan kekeliruanya insyaallah allah akan memaafkannya karrna semua sudah kehendaknya,netral
694,694,694,beda dengan  pemilik akun fufu fafa ya,netral
695,695,695,kedepan lebih hati2 dalam berucap kang gus apalagi sbg pendakwah bahkan kanjeng nabi saja santun dalam menyebarkan agama islam suri tauladan yang baik,netral
696,696,696,kasian bener bapak mini  aku sedih pak liatnya   betul itu pak kebeneran itu milik allah,netral
697,697,697,hahaha ogah banget semangati orang sombong salam dari banten,positif
698,698,698,bapak gus saya banhgga dengan  engkaukarna allah mengangkat drajat tukang es melalui engkauengkau tidak bersalahjustru saya bangga dengan engkauinilah indahnya islamamin,netral
699,699,699,sudah pantas mundur  yang pantas abdul somad n adi hidayat keduanya pandai dan istiqomah ,netral
700,700,700,lebih baik mundur dari pada bikin malu,netral
701,701,701,mungkin itu sudah takdirmu gus,netral
702,702,702,udah keenakan menghina sesama manusiamakanya ke bablasan alias rem bloongsemoga menjadi pelajaran buatmu miftah,netral
703,703,703,saya mengundurkan diri karena ada tekanan bro,netral
704,704,704,sebelum di lengserkan akir nya mengundurkan diri,netral
705,705,705,kuwalat kamugus,netral
706,706,706,benar sekali presiden pak prabowo mundur dari staf khusus gus mifta presiden pak prabowo indonesia mantap jos yes ,netral
707,707,707,ok,positif
708,708,708,gaya mu gus  gus    dasar  jongos  habib ,netral
709,709,709,hahahaj kamoklase saja kata mengundurkan diri yg mungkin sdh dpt bocoran bakalan dipecatkarna tdk mau malu yakh secepatnya mengundurkan diri hahaha biar terkesan kesatria ,positif
710,710,710,akhirnyapreman diskotik dgn sadar diri mundur jugaalih tersedulalu gmna perihnya tukang es yg direndahkan dimuka ribuan manusia  air matamu hanya sesaatgmna dgn air mata tukang es yg mencari nafkah halal yg kamu rendahkan emmm,netral
711,711,711,gara sombong ya gus,netral
712,712,712,cukur rambutmu miftahkaya pereman pasar ajague lihat usraz di indonesia baru kali ini lihat ustaz gondrong ,netral
713,713,713,yayaya nm,netral
714,714,714,alhamdulillah sekarang bang gusmitftah jd wong cilik lg,netral
715,715,715,ikut sedih gussy ngepens banget dr awal dawah,netral
716,716,716,setau saya orang baik apalagi sudah dipanggil ustas itu biasanya tutur sapanya lembut dn sabarmaaf apakah itu tangis kepalsuan tidak menyentuh hati,netral
717,717,717,iya lah harus mudur ngga menyontoh yang baek ,netral
718,718,718,dia sambil baca karangannya ya kalau bgtu bukan ucapan dari hatinya,netral
719,719,719,alhamdulillah allah telah memperlihatkan kekuasaan nya,netral
720,720,720,engkau berhati mulia saya yakin itu lanjutkan perjuangan mu doaku mohon kepada allah selmat dunia aherat,netral
721,721,721,mf gus krna smpean udah nandur kta yg sllu menyakitkan hti orng2 yg ingin bljar sma anda mlh smpean bnyak kta2 yg bkin orng skit hati hri ini smpean menen hasil dari buatan smpean sndri mf gus sllu banyak istifar smga ini jdi pljran buat kita smua,netral
722,722,722,itu jiwa kesatriya bisa mengakui kesalahanya cubo yg koropsi pasti gk berani ,netral
723,723,723,nggak usah begitu yang penting kmu tanggung jawab nanti di akerat bersama kru mu yang ngakak ketawanya sebagai kayu vakar neraka itu yaa ustad macam gini nih rasakan nanyi balasan dari slloh yang maha dah syaat,netral
724,724,724,cocok jadi anggota ketoprak humor,netral
725,725,725,lucu ni murah berkah,netral
726,726,726,kemaren ketawasekarang mewek,netral
727,727,727,semangat gus orang yg benci yg menghujat ini itu manusia ada hilapnya,netral
728,728,728,benar sekali presiden pak prabowo mundur staf khusus gus mifta presiden pak prabowo indonesia mantap jos yes ,netral
729,729,729,nah gitu dong miftah mundur jadi utusan presiden daripada di pecat karena msh bnyk ustad yg lebih baik,netral
730,730,730,ngapain nangis itu kan kesalahan lo sendiri makanya kalo ngomong hati2 ap lagi lo bisa ngomongin orang lain nasehati orang lain tp ucapanmu sangat buruk sekali,netral
731,731,731,bisa di contoh sifat kesatria nya semoga jadi contoh buat para pejabat yang ,netral
732,732,732,alhamdulillah pembuli wong melarat mengundurkan diri gusti allah mboten sare,netral
733,733,733,mtak na ulah sa ucap2 na lmun lain ucapeunana,netral
734,734,734,bagus dh lu mundur sblm dipecat,netral
735,735,735,tuh buat contoh yg lain,netral
736,736,736,butuh waktu ingin dihargai dihormati sesama jangan mentang2 dipercaya presiden ya yg bisa menunjukan,netral
737,737,737,ceramahnya  juga mundur   juga  agar kata  tidak beradab tidak menular,netral
738,738,738,jgn nangis gus air mata loh buaya mngkanye jngn loh tggiin ilmu tapi adab jg,netral
739,739,739,hore hore hore hahaha wkwkwk,positif
740,740,740,dimanapun dan kepada siapapunjagalah lisanmuini contoh,netral
741,741,741,benar sekali presiden pak prabowo mundur staf khusus presiden pak prabowo mantap jos yes ,netral
742,742,742,pada cekak pikiranya itu hanya dibilang goblok  dari lisan yg selalu baik penjual  s  bisa kejatuhan rezekimasyaalloh coba yg bilang pendakwa yg mulutnya sering caci maki yg kotor bilang gobllok  ada yg ngajak umroh  saya yakin itu reflek dan candaan sdh minta maaf itu sdh luar bisa pada cekak pikiranyapada ego bukanya sy  membela gus mifta,netral
743,743,743,makanya jangan asalasalan ngomong introspeksi diri,netral
744,744,744,mendingan jadi pelawak itu malah cocokgak usah berlagak pake nangis sgalagak usah exting,netral
745,745,745,bukan kesadarn loh gus tapi dh bnyak masyarakat supaya loh d pecat sm pak prabowobisa aj loh komentar,netral
746,746,746,jiwa satria yg perlu d contoh,netral
747,747,747,hahahaha pan nangis miptah kmu bkn pecramah tpi tukang obat keliling mip,positif
748,748,748,ceramah gx berpaedah,netral
749,749,749,syukur dah tenang ,netral
750,750,750,semangat gus jabatan jangan di tangisijadi pendakwah yg ikhlas lebih mulia di hadapan allah,netral
751,751,751,mewek,netral
752,752,752,penyesalan itu datang diakhirdan rasa bersalah itu kita anggap suatu dosa semoga kejadian ini tidak terulang lagi untuk gus gus yang lainkarena sejatinya semua makhluk adalah samatiada berbedadan tidak ada yang bisa membedakaningat alloh maha penyayang untuk semua umat dan hambanya,netral
753,753,753,menangis krn dapat tekanan ya menangis krn mundur jabatan yaintinya gila jabatangk sebanding kamu ngomong pelecehan ke orang sekarang menangisbagus lah klo miftah mundur ,netral
754,754,754,salahe gus miftah saja manfaat untuk orang lain apalagi beneresaya tahu gus miftah itu kasar  tapi gus miftah itu orang yg menyanyangi orang lainjuga sangat menghormati isterinya maka rezekinya lancar,netral
755,755,755,mungkin alloh juga memaaf kan masa sesama manudia tdk memaaf kan ssmpei hrs undur diri,netral
756,756,756,ngono ko nangis garangnya mulutmu kepada orang lemah seperti penjual es waktu itu sekarang nangis,netral
757,757,757,loe enggak pantas jadi kyai  loe itu bisanya menghina pedagang kecil,netral
758,758,758,jngn nangis dong jantan jantandongko nangis sihmalu lah,netral
759,759,759,udah biasa hina orang bukan kecoplosan itu bagus lah dia mundur,netral
760,760,760,demi  indonesia maju,netral
761,761,761,ngapin menangis,netral
762,762,762,alah gk usah berdalilkenyataannya mulut kamu kotortingkah lakumu menjijikkan,netral
763,763,763,syukurlah kl anda sadar diri untuk mengundurkan diri,netral
764,764,764,preeeeeeeeettttttttt,netral
765,765,765,ah sku mah tdk setuju,netral
766,766,766,sabar bos inggat tihan,netral
767,767,767,ngajari adab ga iso nglakoni gus gus sedih aku gus,netral
768,768,768,ngaku hilap setiap ceramah maki org lain kapan membuat benar sama bangsa indonesia,netral
769,769,769,kalau dinilai dr kaca mata hakikat gus miftah ya ga salah  krn dibuat alat atau lantaran utk mengangkat derajat si penjual es,netral
770,770,770,diambil hikmahnya di lihat dari segala sisi sudut pandang mungkin sudah takdir dan kehendak alloh swt untuk mengakat derajatnya bapak sunhaji dg cara menhadiri acara mas miftah,netral
771,771,771,alhamdulillah,netral
772,772,772,tertekan ni ya ,netral
773,773,773,viral ucapan kontroversi tepatkah gus miftah mundur,netral
774,774,774,gus miftah manusia yg gak beradabdasar munafik,netral
775,775,775,seharus nya tdk hrs mundur nama nya juga mnusia gus juga mnusia ga sampei segituh nya,netral
776,776,776,mangkanya ngaji rasa gus mulut mu adalah harimau mu,netral
777,777,777,ceramah gus sudah tak ada maknanya lg buat malu gus2 saja bagus kau undur kerna tak layak kau bergelar gus,netral
778,778,778,mantap,netral
779,779,779,syukurlah kalau sadar diri,netral
780,780,780,bagus jika mundur buat malu aja sebagai ustadz,netral
781,781,781,ga usah nangis lah g ad guna y g tau diri ustad ko koyo ngene,netral
782,782,782,nangis di buat2 sombong si u asal ceramah saya mau di angkat jadi mentri agama sama prabowo saya tolakskrng mlh ancur krna kesombongan,netral
783,783,783,amin yang sabar pak ustazd mungkin allah berkehendak lain semoga gus selalu di beri hidayah,netral
784,784,784,bahahahamantap,netral
785,785,785,smua manusia py kekurangan bs hilaf  yg comen jgn byk bacot,netral
786,786,786,itu baru bener mas gusssss,netral
787,787,787,ya bagus la kau mundur,netral
788,788,788,nagis darah pun aku tak kasian mulut pedas lagi menjabat,netral
789,789,789,jd kan prlajaran pengalaman ok,positif
790,790,790,sangat ksatria semangat gus miftah,netral
791,791,791,mulutmu adalah harimaumu,netral
792,792,792,percayalah allah bersama kita gus ,netral
793,793,793,mk ya gus walau sudah di atas tetap andap angsor adap itu jauh lebih penting dr pada ilmu  orang yg beradap sudah pasti berilmu sekarang bnyk orang yg berilmu pinter tp adap ya salah kaprah semoga kedepan ya bs berubah menjadi lebih baik lg gus miftah,netral
794,794,794,emange kudune kya kwe ,netral
795,795,795,ngapain pakek nanges barang cengeng ter nyata kau,netral
796,796,796,isigfar kau jangan ngejek orang menghina orangjangan nangisitu ulah kau,netral
797,797,797,anak sd juga bisa klo baca artinya,netral
798,798,798,syukur dah kalau mundur,netral
799,799,799,bagus banyak yg lain pak yg lebih pantas,netral
800,800,800,allhamdulillah 1 orang munafik sudah mulai sadar sedikit,netral
801,801,801,dungo dinungo gus miftah,netral
802,802,802,ke presiden minta maafnya sambil nangis ke penjual es minta maafnya sambil bercanda,netral
803,803,803,oalah gus miftah  yg sabar kita ambil hikmah nya gus mungkin alloh beri cobaan pada gus semoga gussemiga gus legowo dan di angkat drajatnya oleh alloh yg udah ya udah gus kita ke depan jalan ber hati hati gih gus,netral
804,804,804,semangat gusmanusia tidak ada yang sempurna ,netral
805,805,805,luar biasa hebatgus miftah hebat rendah hatiperlu dicontohi,netral
806,806,806,gampang loh komentar tpi jalani pada dri kita sendiri itu susah,netral
807,807,807,baguslah,netral
808,808,808,cuba di ambil hikmahnya kalau gk gara gara gus mitfah penjual es teh gk mungkin dapet ratusan juta ,netral
809,809,809,ustad sama kyai dikampung saya lebih beradap dan sopan dari segi lisan dan bahasa tidak seperti sampean gus menurut saya blm pantas sampean jdi tokoh agama yg selalu ceramah dmn2 tapi prilaku anda sangat merendahkan orang lain dan menghina orang terlepas dari itu sama jah kau menghina ciptaan gusti allah swt salam santun dari saya rakyat biasa yg tinggal di pagentongan bogor tubagus mama falaq ,netral
810,810,810,etika sopan santun totokromo rak njih kedah di agem to mas miftah nopo maleh panjenengan meniko panutan,netral
811,811,811,kualat,netral
812,812,812,yg dikutip ayat ttg jabatan kenapa ga hadist berkata yg baik atau diam ,netral
813,813,813,kalau perlu jangan ceramah lagi merusak banyak orang,netral
814,814,814,adab lbh tinggi tingkatan nya di atas ilmu adab gk ber ilmu ya kurang lengkapap lagi ber ilmu gak ber adab eman lah,netral
815,815,815,yo pancen kudu sadar,netral
816,816,816,baca ayat alquran nya bukan baca artinya katanya miftah kiyaikalau baca artinya anak sd juga bisa kalau miftah gak bisa baca quran suruh yg di samping ente yg ikut tertawa ngakak yg katanya dia juga kiai yang punya pesantren ente bukan pendakwah agama tapi ente menjual agama,netral
817,817,817,memang lidah tdk bertulang ,netral
818,818,818,bagus kalo mengundurkan diriberarti anda tau dirisetelah ini usman ali yg harus diusut tertawanya sangat melecehkan sekali,netral
819,819,819,lantaran gus miftah  bpk si bkul es ky mendadak  donasi datang dr penjuru yutuber,netral
820,820,820,kapok ,netral
821,821,821,mungkin gus miftah hilaf  manusia ada hilafnya maka kalo toh kebanyakan gurau kbanyakan kepricut omongapalagi seorang dai kan seharusnya hati hati dan penuh tatakrana pada siapapun bgtu mnurun aku,netral
822,822,822,alhamdulillah  sipreman diskotik imi mundur juga,netral
823,823,823,ngapain nangis,netral
824,824,824,bagus lah,netral
825,825,825,alhamdulillah ustadz2 ga jelas mulai alloh buka aib2nya,netral
826,826,826,tangisan biawak,netral
